area,site,date,depth,iupac_name,pubchem_cid,value,lod,loq,censored
Inner fjord,Stordalsbekken,2016-05-11,1,Aluminum,5359268,1.8817527170607844e-6,NA,NA,none
Inner fjord,Stordalsbekken,2016-05-31,1,Aluminum,5359268,1.9077048832037114e-6,NA,NA,none
Inner fjord,Stordalsbekken,2016-10-27,1,Aluminum,5359268,1.0863109138586373e-6,NA,NA,none
Inner fjord,Stordalsbekken,2016-05-11,3,Aluminum,5359268,8.702931152447359e-7,NA,NA,none
Inner fjord,Stordalsbekken,2016-05-31,3,Aluminum,5359268,8.648070268545829e-7,NA,NA,none
Inner fjord,Stordalsbekken,2016-10-27,3,Aluminum,5359268,9.69671987350608e-7,NA,NA,none
Inner fjord,Blue mussel colony,2016-05-11,1,Aluminum,5359268,1.980523167396409e-6,NA,NA,none
Inner fjord,Blue mussel colony,2016-05-31,1,Aluminum,5359268,1.9216406408534145e-6,NA,NA,none
Inner fjord,Blue mussel colony,2016-10-27,1,Aluminum,5359268,1.5623695469929548e-6,NA,NA,none
Inner fjord,Blue mussel colony,2016-05-11,3,Aluminum,5359268,7.762251589365933e-7,NA,NA,none
Inner fjord,Blue mussel colony,2016-05-31,3,Aluminum,5359268,7.253753248713528e-7,NA,NA,none
Inner fjord,Blue mussel colony,2016-10-27,3,Aluminum,5359268,7.61902214314121e-7,NA,NA,none
Outer fjord,Outside threshold,2016-05-11,3,Aluminum,5359268,1.7928139877082398e-7,NA,NA,none
Outer fjord,Outside threshold,2016-05-31,3,Aluminum,5359268,1.7607539454396746e-7,NA,NA,none
Outer fjord,Outside threshold,2016-10-27,3,Aluminum,5359268,1.5685727156024367e-007,NA,NA,none
Outer fjord,Open sea,2016-05-11,6,Aluminum,5359268,7.921464534477022e-7,NA,NA,none
Outer fjord,Open sea,2016-10-01,6,Aluminum,5359268,4.1513647307767214e-7,NA,NA,none
Outer fjord,Open sea,2016-10-01,6,Aluminum,5359268,3.239027570494012e-8,NA,NA,none
Inner fjord,Stordalsbekken,2016-05-31,1,Arsenic,5359596,1.1888524531724344e-8,2.2590267367730445e-9,7.530089122576815e-9,none
Inner fjord,Stordalsbekken,2016-10-27,1,Arsenic,5359596,1.654263945865995e-8,2.2590267367730445e-9,7.530089122576815e-9,none
Inner fjord,Stordalsbekken,2016-05-31,3,Arsenic,5359596,1.740817130763865e-8,2.2590267367730445e-9,7.530089122576815e-9,none
Inner fjord,Stordalsbekken,2016-10-27,3,Arsenic,5359596,2.1038508791643775e-8,2.2590267367730445e-9,7.530089122576815e-9,none
Inner fjord,Blue mussel colony,2016-05-31,1,Arsenic,5359596,1.4013366582529281e-8,2.2590267367730445e-9,7.530089122576815e-9,none
Inner fjord,Blue mussel colony,2016-10-27,1,Arsenic,5359596,1.8996059471189376e-8,2.2590267367730445e-9,7.530089122576815e-9,none
Inner fjord,Blue mussel colony,2016-05-31,3,Arsenic,5359596,1.7225921951744758e-8,2.2590267367730445e-9,7.530089122576815e-9,none
Inner fjord,Blue mussel colony,2016-10-27,3,Arsenic,5359596,2.205169790081729e-8,2.2590267367730445e-9,7.530089122576815e-9,none
Outer fjord,Outside threshold,2016-05-31,3,Arsenic,5359596,1.569039957917112e-8,2.2590267367730445e-9,7.530089122576815e-9,none
Outer fjord,Outside threshold,2016-10-27,3,Arsenic,5359596,2.755577680353543e-8,2.2590267367730445e-9,7.530089122576815e-9,none
Outer fjord,Open sea,2016-05-11,6,Arsenic,5359596,2.202502660555586e-8,2.2590267367730445e-9,7.530089122576815e-9,none
Outer fjord,Open sea,2016-10-01,6,Arsenic,5359596,2.002331986423554e-8,2.2590267367730445e-9,7.530089122576815e-9,none
Outer fjord,Open sea,2016-10-01,6,Arsenic,5359596,2.2590267367730445e-9,2.2590267367730445e-9,7.530089122576815e-9,left
Inner fjord,Stordalsbekken,2016-05-31,1,Barium,5355457,3.019605880321171e-8,4.3750655330474687e-10,1.4583551776824897e-9,none
Inner fjord,Stordalsbekken,2016-10-27,1,Barium,5355457,3.735112777079302e-8,4.3750655330474687e-10,1.4583551776824897e-9,none
Inner fjord,Stordalsbekken,2016-05-31,3,Barium,5355457,3.202454166531558e-8,4.3750655330474687e-10,1.4583551776824897e-9,none
Inner fjord,Stordalsbekken,2016-10-27,3,Barium,5355457,5.399812871108664e-8,4.3750655330474687e-10,1.4583551776824897e-9,none
Inner fjord,Blue mussel colony,2016-05-31,1,Barium,5355457,2.4730915019911873e-8,4.3750655330474687e-10,1.4583551776824897e-9,none
Inner fjord,Blue mussel colony,2016-10-27,1,Barium,5355457,4.1141727617599285e-8,4.3750655330474687e-10,1.4583551776824897e-9,none
Inner fjord,Blue mussel colony,2016-05-31,3,Barium,5355457,2.7181784893617942e-008,4.3750655330474687e-10,1.4583551776824897e-9,none
Inner fjord,Blue mussel colony,2016-10-27,3,Barium,5355457,5.40056610801274e-8,4.3750655330474687e-10,1.4583551776824897e-9,none
Outer fjord,Outside threshold,2016-05-31,3,Barium,5355457,3.200131160443808e-8,4.3750655330474687e-10,1.4583551776824897e-9,none
Outer fjord,Outside threshold,2016-10-27,3,Barium,5355457,5.637894525540159e-8,4.3750655330474687e-10,1.4583551776824897e-9,none
Outer fjord,Open sea,2016-05-11,6,Barium,5355457,6.029510673866914e-8,4.3750655330474687e-10,1.4583551776824897e-9,none
Outer fjord,Open sea,2016-10-01,6,Barium,5355457,6.90519807183191e-8,4.3750655330474687e-10,1.4583551776824897e-9,none
Outer fjord,Open sea,2016-10-01,6,Barium,5355457,4.3750655330474687e-10,4.3750655330474687e-10,1.4583551776824897e-9,left
Inner fjord,Stordalsbekken,2016-05-11,1,Cadmium,23973,5.1672359775293134e-8,1.612107267116274e-10,5.373690890387581e-10,none
Inner fjord,Stordalsbekken,2016-05-31,1,Cadmium,23973,6.007264565844595e-10,1.612107267116274e-10,5.373690890387581e-10,none
Inner fjord,Stordalsbekken,2016-10-27,1,Cadmium,23973,1.612107267116274e-10,1.612107267116274e-10,5.373690890387581e-10,left
Inner fjord,Stordalsbekken,2016-05-11,3,Cadmium,23973,6.284329063240003e-8,1.612107267116274e-10,5.373690890387581e-10,none
Inner fjord,Stordalsbekken,2016-05-31,3,Cadmium,23973,2.858558947177467e-10,1.612107267116274e-10,5.373690890387581e-10,interval
Inner fjord,Stordalsbekken,2016-10-27,3,Cadmium,23973,1.6990161190323034e-10,1.612107267116274e-10,5.373690890387581e-10,interval
Inner fjord,Blue mussel colony,2016-05-11,1,Cadmium,23973,5.546314256177473e-8,1.612107267116274e-10,5.373690890387581e-10,none
Inner fjord,Blue mussel colony,2016-05-31,1,Cadmium,23973,1.9076903781155252e-10,1.612107267116274e-10,5.373690890387581e-10,interval
Inner fjord,Blue mussel colony,2016-10-27,1,Cadmium,23973,1.612107267116274e-10,1.612107267116274e-10,5.373690890387581e-10,left
Inner fjord,Blue mussel colony,2016-05-11,3,Cadmium,23973,5.99256979232021e-8,1.612107267116274e-10,5.373690890387581e-10,none
Inner fjord,Blue mussel colony,2016-05-31,3,Cadmium,23973,3.7504700435679067e-10,1.612107267116274e-10,5.373690890387581e-10,interval
Inner fjord,Blue mussel colony,2016-10-27,3,Cadmium,23973,1.612107267116274e-10,1.612107267116274e-10,5.373690890387581e-10,left
Outer fjord,Outside threshold,2016-05-11,3,Cadmium,23973,6.103912695376728e-8,1.612107267116274e-10,5.373690890387581e-10,none
Outer fjord,Outside threshold,2016-05-31,3,Cadmium,23973,1.612107267116274e-10,1.612107267116274e-10,5.373690890387581e-10,left
Outer fjord,Outside threshold,2016-10-27,3,Cadmium,23973,1.612107267116274e-10,1.612107267116274e-10,5.373690890387581e-10,left
Outer fjord,Open sea,2016-05-11,6,Cadmium,23973,2.2006155291182774e-10,1.612107267116274e-10,5.373690890387581e-10,interval
Outer fjord,Open sea,2016-10-01,6,Cadmium,23973,1.7338287650691642e-10,1.612107267116274e-10,5.373690890387581e-10,interval
Outer fjord,Open sea,2016-10-01,6,Cadmium,23973,1.612107267116274e-10,1.612107267116274e-10,5.373690890387581e-10,left
Inner fjord,Stordalsbekken,2016-05-11,1,Cobalt,104730,4.798879529484846e-9,2.4108750158468386e-9,8.036250052822796e-9,interval
Inner fjord,Stordalsbekken,2016-05-31,1,Cobalt,104730,2.4108750158468386e-9,2.4108750158468386e-9,8.036250052822796e-9,left
Inner fjord,Stordalsbekken,2016-10-27,1,Cobalt,104730,6.142860689226153e-9,2.4108750158468386e-9,8.036250052822796e-9,interval
Inner fjord,Stordalsbekken,2016-05-11,3,Cobalt,104730,2.4108750158468386e-9,2.4108750158468386e-9,8.036250052822796e-9,left
Inner fjord,Stordalsbekken,2016-05-31,3,Cobalt,104730,2.4108750158468386e-9,2.4108750158468386e-9,8.036250052822796e-9,left
Inner fjord,Stordalsbekken,2016-10-27,3,Cobalt,104730,4.218958749863666e-9,2.4108750158468386e-9,8.036250052822796e-9,interval
Inner fjord,Blue mussel colony,2016-05-11,1,Cobalt,104730,2.4108750158468386e-9,2.4108750158468386e-9,8.036250052822796e-9,left
Inner fjord,Blue mussel colony,2016-05-31,1,Cobalt,104730,2.4108750158468386e-9,2.4108750158468386e-9,8.036250052822796e-9,left
Inner fjord,Blue mussel colony,2016-10-27,1,Cobalt,104730,2.4108750158468386e-9,2.4108750158468386e-9,8.036250052822796e-9,left
Inner fjord,Blue mussel colony,2016-05-11,3,Cobalt,104730,2.4108750158468386e-9,2.4108750158468386e-9,8.036250052822796e-9,left
Inner fjord,Blue mussel colony,2016-05-31,3,Cobalt,104730,2.4108750158468386e-9,2.4108750158468386e-9,8.036250052822796e-9,left
Inner fjord,Blue mussel colony,2016-10-27,3,Cobalt,104730,2.4108750158468386e-9,2.4108750158468386e-9,8.036250052822796e-9,left
Outer fjord,Outside threshold,2016-05-11,3,Cobalt,104730,2.4108750158468386e-9,2.4108750158468386e-9,8.036250052822796e-9,left
Outer fjord,Outside threshold,2016-05-31,3,Cobalt,104730,2.4108750158468386e-9,2.4108750158468386e-9,8.036250052822796e-9,left
Outer fjord,Outside threshold,2016-10-27,3,Cobalt,104730,2.4108750158468386e-9,2.4108750158468386e-9,8.036250052822796e-9,left
Outer fjord,Open sea,2016-05-11,6,Cobalt,104730,2.4108750158468386e-9,2.4108750158468386e-9,8.036250052822796e-9,left
Outer fjord,Open sea,2016-10-01,6,Cobalt,104730,2.4108750158468386e-9,2.4108750158468386e-9,8.036250052822796e-9,left
Outer fjord,Open sea,2016-10-01,6,Cobalt,104730,1.253256440765912e-4,2.4108750158468386e-9,8.036250052822796e-9,none
Inner fjord,Stordalsbekken,2016-05-11,1,Copper,23978,9.205129901991249e-9,5.643382629715993e-9,1.8811275432386643e-8,interval
Inner fjord,Stordalsbekken,2016-05-31,1,Copper,23978,1.5399885295563275e-8,5.643382629715993e-9,1.8811275432386643e-8,interval
Inner fjord,Stordalsbekken,2016-10-27,1,Copper,23978,2.5501961190088284e-6,5.643382629715993e-9,1.8811275432386643e-8,none
Inner fjord,Stordalsbekken,2016-05-11,3,Copper,23978,9.470744839971292e-9,5.643382629715993e-9,1.8811275432386643e-8,interval
Inner fjord,Stordalsbekken,2016-05-31,3,Copper,23978,1.4676517124168551e-8,5.643382629715993e-9,1.8811275432386643e-8,interval
Inner fjord,Stordalsbekken,2016-10-27,3,Copper,23978,7.390510643318355e-7,5.643382629715993e-9,1.8811275432386643e-8,none
Inner fjord,Blue mussel colony,2016-05-11,1,Copper,23978,9.467588468503118e-9,5.643382629715993e-9,1.8811275432386643e-8,interval
Inner fjord,Blue mussel colony,2016-05-31,1,Copper,23978,8.618760173294604e-9,5.643382629715993e-9,1.8811275432386643e-8,interval
Inner fjord,Blue mussel colony,2016-10-27,1,Copper,23978,1.8854346247461297e-8,5.643382629715993e-9,1.8811275432386643e-8,none
Inner fjord,Blue mussel colony,2016-05-11,3,Copper,23978,1.0276898116774591e-8,5.643382629715993e-9,1.8811275432386643e-8,interval
Inner fjord,Blue mussel colony,2016-05-31,3,Copper,23978,8.752565313233207e-9,5.643382629715993e-9,1.8811275432386643e-8,interval
Inner fjord,Blue mussel colony,2016-10-27,3,Copper,23978,2.8260366230661286e-8,5.643382629715993e-9,1.8811275432386643e-8,none
Outer fjord,Outside threshold,2016-05-11,3,Copper,23978,1.1017399388680983e-8,5.643382629715993e-9,1.8811275432386643e-8,interval
Outer fjord,Outside threshold,2016-05-31,3,Copper,23978,9.619394079302164e-9,5.643382629715993e-9,1.8811275432386643e-8,interval
Outer fjord,Outside threshold,2016-10-27,3,Copper,23978,2.1676865720641552e-8,5.643382629715993e-9,1.8811275432386643e-8,none
Outer fjord,Open sea,2016-05-11,6,Copper,23978,2.8653797774970416e-8,5.643382629715993e-9,1.8811275432386643e-8,none
Outer fjord,Open sea,2016-10-01,6,Copper,23978,1.3751997714607688e-8,5.643382629715993e-9,1.8811275432386643e-8,interval
Outer fjord,Open sea,2016-10-01,6,Copper,23978,5.643382629715993e-9,5.643382629715993e-9,1.8811275432386643e-8,left
Inner fjord,Stordalsbekken,2016-05-11,1,Dysprosium,23912,2.8797541074715295e-10,2.2480498685841825e-11,7.493499561947276e-11,none
Inner fjord,Stordalsbekken,2016-05-31,1,Dysprosium,23912,7.993008285615873e-10,2.2480498685841825e-11,7.493499561947276e-11,none
Inner fjord,Stordalsbekken,2016-10-27,1,Dysprosium,23912,2.325957168447439e-10,2.2480498685841825e-11,7.493499561947276e-11,none
Inner fjord,Stordalsbekken,2016-05-11,3,Dysprosium,23912,3.0069167690220686e-10,2.2480498685841825e-11,7.493499561947276e-11,none
Inner fjord,Stordalsbekken,2016-05-31,3,Dysprosium,23912,1.618008169497744e-10,2.2480498685841825e-11,7.493499561947276e-11,none
Inner fjord,Stordalsbekken,2016-10-27,3,Dysprosium,23912,1.556247260771274e-10,2.2480498685841825e-11,7.493499561947276e-11,none
Inner fjord,Blue mussel colony,2016-05-11,1,Dysprosium,23912,2.545074362488244e-10,2.2480498685841825e-11,7.493499561947276e-11,none
Inner fjord,Blue mussel colony,2016-05-31,1,Dysprosium,23912,1.5819788935485916e-10,2.2480498685841825e-11,7.493499561947276e-11,none
Inner fjord,Blue mussel colony,2016-10-27,1,Dysprosium,23912,2.567820485133665e-10,2.2480498685841825e-11,7.493499561947276e-11,none
Inner fjord,Blue mussel colony,2016-05-11,3,Dysprosium,23912,1.2809155881122417e-10,2.2480498685841825e-11,7.493499561947276e-11,none
Inner fjord,Blue mussel colony,2016-05-31,3,Dysprosium,23912,8.170881432926875e-11,2.2480498685841825e-11,7.493499561947276e-11,none
Inner fjord,Blue mussel colony,2016-10-27,3,Dysprosium,23912,4.672190213045415e-11,2.2480498685841825e-11,7.493499561947276e-11,interval
Outer fjord,Outside threshold,2016-05-11,3,Dysprosium,23912,5.544939300057865e-11,2.2480498685841825e-11,7.493499561947276e-11,interval
Outer fjord,Outside threshold,2016-05-31,3,Dysprosium,23912,2.2480498685841825e-11,2.2480498685841825e-11,7.493499561947276e-11,left
Outer fjord,Outside threshold,2016-10-27,3,Dysprosium,23912,2.2480498685841825e-11,2.2480498685841825e-11,7.493499561947276e-11,left
Outer fjord,Open sea,2016-05-11,6,Dysprosium,23912,1.0786814402156194e-10,2.2480498685841825e-11,7.493499561947276e-11,none
Outer fjord,Open sea,2016-10-01,6,Dysprosium,23912,7.528565736265313e-11,2.2480498685841825e-11,7.493499561947276e-11,none
Outer fjord,Open sea,2016-10-01,6,Dysprosium,23912,2.758565824068793e-10,2.2480498685841825e-11,7.493499561947276e-11,none
Inner fjord,Stordalsbekken,2016-05-11,1,Erbium,23980,1.6660299568059702e-10,1.06131473842926e-11,3.5377157947642e-11,none
Inner fjord,Stordalsbekken,2016-05-31,1,Erbium,23980,1.590946936462733e-10,1.06131473842926e-11,3.5377157947642e-11,none
Inner fjord,Stordalsbekken,2016-10-27,1,Erbium,23980,1.9672703917409123e-11,1.06131473842926e-11,3.5377157947642e-11,interval
Inner fjord,Stordalsbekken,2016-05-11,3,Erbium,23980,1.1959786803268296e-10,1.06131473842926e-11,3.5377157947642e-11,none
Inner fjord,Stordalsbekken,2016-05-31,3,Erbium,23980,4.884102643512478e-11,1.06131473842926e-11,3.5377157947642e-11,none
Inner fjord,Stordalsbekken,2016-10-27,3,Erbium,23980,1.1944323035135028e-10,1.06131473842926e-11,3.5377157947642e-11,none
Inner fjord,Blue mussel colony,2016-05-11,1,Erbium,23980,9.780007871930347e-11,1.06131473842926e-11,3.5377157947642e-11,none
Inner fjord,Blue mussel colony,2016-05-31,1,Erbium,23980,1.06131473842926e-11,1.06131473842926e-11,3.5377157947642e-11,left
Inner fjord,Blue mussel colony,2016-10-27,1,Erbium,23980,1.2141769495071038e-10,1.06131473842926e-11,3.5377157947642e-11,none
Inner fjord,Blue mussel colony,2016-05-11,3,Erbium,23980,5.936682065935107e-11,1.06131473842926e-11,3.5377157947642e-11,none
Inner fjord,Blue mussel colony,2016-05-31,3,Erbium,23980,1.06131473842926e-11,1.06131473842926e-11,3.5377157947642e-11,left
Inner fjord,Blue mussel colony,2016-10-27,3,Erbium,23980,6.242954068304118e-11,1.06131473842926e-11,3.5377157947642e-11,none
Outer fjord,Outside threshold,2016-05-11,3,Erbium,23980,1.8397552490732128e-11,1.06131473842926e-11,3.5377157947642e-11,interval
Outer fjord,Outside threshold,2016-05-31,3,Erbium,23980,1.06131473842926e-11,1.06131473842926e-11,3.5377157947642e-11,left
Outer fjord,Outside threshold,2016-10-27,3,Erbium,23980,3.6406296836834264e-11,1.06131473842926e-11,3.5377157947642e-11,none
Outer fjord,Open sea,2016-05-11,6,Erbium,23980,5.407905995811153e-11,1.06131473842926e-11,3.5377157947642e-11,none
Outer fjord,Open sea,2016-10-01,6,Erbium,23980,1.06131473842926e-11,1.06131473842926e-11,3.5377157947642e-11,left
Outer fjord,Open sea,2016-10-01,6,Erbium,23980,1.06131473842926e-11,1.06131473842926e-11,3.5377157947642e-11,left
Inner fjord,Stordalsbekken,2016-05-11,1,Europium,23981,2.0235501636571943e-10,7.978743181987005e-11,2.6595810606623355e-10,interval
Inner fjord,Stordalsbekken,2016-05-31,1,Europium,23981,1.2046291922127774e-10,7.978743181987005e-11,2.6595810606623355e-10,interval
Inner fjord,Stordalsbekken,2016-10-27,1,Europium,23981,7.978743181987005e-11,7.978743181987005e-11,2.6595810606623355e-10,left
Inner fjord,Stordalsbekken,2016-05-11,3,Europium,23981,7.978743181987005e-11,7.978743181987005e-11,2.6595810606623355e-10,left
Inner fjord,Stordalsbekken,2016-05-31,3,Europium,23981,1.8725623073842208e-10,7.978743181987005e-11,2.6595810606623355e-10,interval
Inner fjord,Stordalsbekken,2016-10-27,3,Europium,23981,7.978743181987005e-11,7.978743181987005e-11,2.6595810606623355e-10,left
Inner fjord,Blue mussel colony,2016-05-11,1,Europium,23981,8.194391453612413e-11,7.978743181987005e-11,2.6595810606623355e-10,interval
Inner fjord,Blue mussel colony,2016-05-31,1,Europium,23981,2.43428895666802e-10,7.978743181987005e-11,2.6595810606623355e-10,interval
Inner fjord,Blue mussel colony,2016-10-27,1,Europium,23981,7.978743181987005e-11,7.978743181987005e-11,2.6595810606623355e-10,left
Inner fjord,Blue mussel colony,2016-05-11,3,Europium,23981,7.978743181987005e-11,7.978743181987005e-11,2.6595810606623355e-10,left
Inner fjord,Blue mussel colony,2016-05-31,3,Europium,23981,1.251685574920337e-10,7.978743181987005e-11,2.6595810606623355e-10,interval
Inner fjord,Blue mussel colony,2016-10-27,3,Europium,23981,7.978743181987005e-11,7.978743181987005e-11,2.6595810606623355e-10,left
Outer fjord,Outside threshold,2016-05-11,3,Europium,23981,1.3144241293615518e-10,7.978743181987005e-11,2.6595810606623355e-10,interval
Outer fjord,Outside threshold,2016-05-31,3,Europium,23981,3.183477229340785e-10,7.978743181987005e-11,2.6595810606623355e-10,none
Outer fjord,Outside threshold,2016-10-27,3,Europium,23981,7.978743181987005e-11,7.978743181987005e-11,2.6595810606623355e-10,left
Outer fjord,Open sea,2016-05-11,6,Europium,23981,1.1821290454747545e-10,7.978743181987005e-11,2.6595810606623355e-10,interval
Outer fjord,Open sea,2016-10-01,6,Europium,23981,2.561518846959972e-10,7.978743181987005e-11,2.6595810606623355e-10,interval
Outer fjord,Open sea,2016-10-01,6,Europium,23981,2.2360984062761528e-10,7.978743181987005e-11,2.6595810606623355e-10,interval
Inner fjord,Stordalsbekken,2016-05-11,1,Iron,23925,7.987197612112789e-8,7.82411141077607e-8,2.608037136925357e-7,interval
Inner fjord,Stordalsbekken,2016-05-31,1,Iron,23925,1.1564763726986743e-7,7.82411141077607e-8,2.608037136925357e-7,interval
Inner fjord,Stordalsbekken,2016-10-27,1,Iron,23925,7.82411141077607e-8,7.82411141077607e-8,2.608037136925357e-7,left
Inner fjord,Stordalsbekken,2016-05-11,3,Iron,23925,9.600479395293056e-8,7.82411141077607e-8,2.608037136925357e-7,interval
Inner fjord,Stordalsbekken,2016-05-31,3,Iron,23925,1.1302351453209097e-7,7.82411141077607e-8,2.608037136925357e-7,interval
Inner fjord,Stordalsbekken,2016-10-27,3,Iron,23925,7.82411141077607e-8,7.82411141077607e-8,2.608037136925357e-7,left
Inner fjord,Blue mussel colony,2016-05-11,1,Iron,23925,1.0709047965903521e-7,7.82411141077607e-8,2.608037136925357e-7,interval
Inner fjord,Blue mussel colony,2016-05-31,1,Iron,23925,7.82411141077607e-8,7.82411141077607e-8,2.608037136925357e-7,left
Inner fjord,Blue mussel colony,2016-10-27,1,Iron,23925,7.82411141077607e-8,7.82411141077607e-8,2.608037136925357e-7,left
Inner fjord,Blue mussel colony,2016-05-11,3,Iron,23925,9.556672898903858e-8,7.82411141077607e-8,2.608037136925357e-7,interval
Inner fjord,Blue mussel colony,2016-05-31,3,Iron,23925,7.82411141077607e-8,7.82411141077607e-8,2.608037136925357e-7,left
Inner fjord,Blue mussel colony,2016-10-27,3,Iron,23925,7.82411141077607e-8,7.82411141077607e-8,2.608037136925357e-7,left
Outer fjord,Outside threshold,2016-05-11,3,Iron,23925,9.769533996414098e-8,7.82411141077607e-8,2.608037136925357e-7,interval
Outer fjord,Outside threshold,2016-05-31,3,Iron,23925,7.82411141077607e-8,7.82411141077607e-8,2.608037136925357e-7,left
Outer fjord,Outside threshold,2016-10-27,3,Iron,23925,7.82411141077607e-8,7.82411141077607e-8,2.608037136925357e-7,left
Outer fjord,Open sea,2016-05-11,6,Iron,23925,7.82411141077607e-8,7.82411141077607e-8,2.608037136925357e-7,left
Outer fjord,Open sea,2016-10-01,6,Iron,23925,7.82411141077607e-8,7.82411141077607e-8,2.608037136925357e-7,left
Outer fjord,Open sea,2016-10-01,6,Iron,23925,7.82411141077607e-8,7.82411141077607e-8,2.608037136925357e-7,left
Inner fjord,Stordalsbekken,2016-05-11,1,Gadolinium,23982,3.5078519793493006e-10,3.142018501919428e-11,1.0473395006398092e-10,none
Inner fjord,Stordalsbekken,2016-05-31,1,Gadolinium,23982,6.249431933564161e-10,3.142018501919428e-11,1.0473395006398092e-10,none
Inner fjord,Stordalsbekken,2016-10-27,1,Gadolinium,23982,1.3512325918148272e-10,3.142018501919428e-11,1.0473395006398092e-10,none
Inner fjord,Stordalsbekken,2016-05-11,3,Gadolinium,23982,2.465632325438571e-10,3.142018501919428e-11,1.0473395006398092e-10,none
Inner fjord,Stordalsbekken,2016-05-31,3,Gadolinium,23982,2.287124887880522e-10,3.142018501919428e-11,1.0473395006398092e-10,none
Inner fjord,Stordalsbekken,2016-10-27,3,Gadolinium,23982,1.094865866790328e-10,3.142018501919428e-11,1.0473395006398092e-10,none
Inner fjord,Blue mussel colony,2016-05-11,1,Gadolinium,23982,2.165177513685205e-10,3.142018501919428e-11,1.0473395006398092e-10,none
Inner fjord,Blue mussel colony,2016-05-31,1,Gadolinium,23982,2.269962381883385e-10,3.142018501919428e-11,1.0473395006398092e-10,none
Inner fjord,Blue mussel colony,2016-10-27,1,Gadolinium,23982,3.6337179792618935e-10,3.142018501919428e-11,1.0473395006398092e-10,none
Inner fjord,Blue mussel colony,2016-05-11,3,Gadolinium,23982,1.6670814082185052e-10,3.142018501919428e-11,1.0473395006398092e-10,none
Inner fjord,Blue mussel colony,2016-05-31,3,Gadolinium,23982,3.142018501919428e-11,3.142018501919428e-11,1.0473395006398092e-10,left
Inner fjord,Blue mussel colony,2016-10-27,3,Gadolinium,23982,2.9213328946155513e-10,3.142018501919428e-11,1.0473395006398092e-10,none
Outer fjord,Outside threshold,2016-05-11,3,Gadolinium,23982,1.7021778715330937e-10,3.142018501919428e-11,1.0473395006398092e-10,none
Outer fjord,Outside threshold,2016-05-31,3,Gadolinium,23982,8.96040159732466e-11,3.142018501919428e-11,1.0473395006398092e-10,interval
Outer fjord,Outside threshold,2016-10-27,3,Gadolinium,23982,3.367931700163739e-11,3.142018501919428e-11,1.0473395006398092e-10,interval
Outer fjord,Open sea,2016-05-11,6,Gadolinium,23982,3.258315138559086e-10,3.142018501919428e-11,1.0473395006398092e-10,none
Outer fjord,Open sea,2016-10-01,6,Gadolinium,23982,3.142018501919428e-11,3.142018501919428e-11,1.0473395006398092e-10,left
Outer fjord,Open sea,2016-10-01,6,Gadolinium,23982,3.142018501919428e-11,3.142018501919428e-11,1.0473395006398092e-10,left
Inner fjord,Stordalsbekken,2016-05-31,1,Germanium,6326954,1.4451501278353245e-8,NA,NA,none
Inner fjord,Stordalsbekken,2016-10-27,1,Germanium,6326954,4.623662038331023e-8,NA,NA,none
Inner fjord,Stordalsbekken,2016-05-31,3,Germanium,6326954,2.6489760889344977e-8,NA,NA,none
Inner fjord,Stordalsbekken,2016-10-27,3,Germanium,6326954,4.751865402003317e-8,NA,NA,none
Inner fjord,Blue mussel colony,2016-05-31,1,Germanium,6326954,2.20291085604177e-8,NA,NA,none
Inner fjord,Blue mussel colony,2016-10-27,1,Germanium,6326954,2.7371160505598505e-8,NA,NA,none
Inner fjord,Blue mussel colony,2016-05-31,3,Germanium,6326954,2.3002721411841155e-8,NA,NA,none
Inner fjord,Blue mussel colony,2016-10-27,3,Germanium,6326954,5.0878205654632745e-8,NA,NA,none
Outer fjord,Outside threshold,2016-05-31,3,Germanium,6326954,1.9123580440826335e-8,NA,NA,none
Outer fjord,Outside threshold,2016-10-27,3,Germanium,6326954,4.470817920395941e-8,NA,NA,none
Outer fjord,Open sea,2016-05-11,6,Germanium,6326954,1.0935424271330121e-8,NA,NA,none
Outer fjord,Open sea,2016-10-01,6,Germanium,6326954,5.916149487898019e-8,NA,NA,none
Outer fjord,Open sea,2016-10-01,6,Germanium,6326954,1.3056462222286608e-7,NA,NA,none
Inner fjord,Stordalsbekken,2016-05-11,1,Lanthanum,23926,3.63761203819778e-9,NA,NA,none
Inner fjord,Stordalsbekken,2016-05-31,1,Lanthanum,23926,5.176157973513303e-9,NA,NA,none
Inner fjord,Stordalsbekken,2016-10-27,1,Lanthanum,23926,1.202930221151755e-9,NA,NA,none
Inner fjord,Stordalsbekken,2016-05-11,3,Lanthanum,23926,1.983948978076266e-9,NA,NA,none
Inner fjord,Stordalsbekken,2016-05-31,3,Lanthanum,23926,1.1801087924797354e-9,NA,NA,none
Inner fjord,Stordalsbekken,2016-10-27,3,Lanthanum,23926,1.0382561536621047e-9,NA,NA,none
Inner fjord,Blue mussel colony,2016-05-11,1,Lanthanum,23926,2.1264493030750237e-9,NA,NA,none
Inner fjord,Blue mussel colony,2016-05-31,1,Lanthanum,23926,9.464729066262877e-10,NA,NA,none
Inner fjord,Blue mussel colony,2016-10-27,1,Lanthanum,23926,2.5309088122854138e-9,NA,NA,none
Inner fjord,Blue mussel colony,2016-05-11,3,Lanthanum,23926,1.4711603701951967e-9,NA,NA,none
Inner fjord,Blue mussel colony,2016-05-31,3,Lanthanum,23926,6.543999822589568e-10,NA,NA,none
Inner fjord,Blue mussel colony,2016-10-27,3,Lanthanum,23926,1.3572740833291377e-9,NA,NA,none
Outer fjord,Outside threshold,2016-05-11,3,Lanthanum,23926,1.0427296940571973e-9,NA,NA,none
Outer fjord,Outside threshold,2016-05-31,3,Lanthanum,23926,8.132670020009151e-10,NA,NA,none
Outer fjord,Outside threshold,2016-10-27,3,Lanthanum,23926,1.0749641371887826e-10,NA,NA,none
Outer fjord,Open sea,2016-05-11,6,Lanthanum,23926,1.6510024267502754e-9,NA,NA,none
Outer fjord,Open sea,2016-10-01,6,Lanthanum,23926,5.676114275980598e-10,NA,NA,none
Outer fjord,Open sea,2016-10-01,6,Lanthanum,23926,8.80736855015182e-11,NA,NA,none
Inner fjord,Stordalsbekken,2016-05-11,1,Lutetium,23929,2.4613793586345276e-11,1.3396044875577029e-11,4.4653482918590096e-11,interval
Inner fjord,Stordalsbekken,2016-05-31,1,Lutetium,23929,4.151824192670749e-11,1.3396044875577029e-11,4.4653482918590096e-11,interval
Inner fjord,Stordalsbekken,2016-10-27,1,Lutetium,23929,1.3396044875577029e-11,1.3396044875577029e-11,4.4653482918590096e-11,left
Inner fjord,Stordalsbekken,2016-05-11,3,Lutetium,23929,1.3396044875577029e-11,1.3396044875577029e-11,4.4653482918590096e-11,left
Inner fjord,Stordalsbekken,2016-05-31,3,Lutetium,23929,1.3396044875577029e-11,1.3396044875577029e-11,4.4653482918590096e-11,left
Inner fjord,Stordalsbekken,2016-10-27,3,Lutetium,23929,1.3396044875577029e-11,1.3396044875577029e-11,4.4653482918590096e-11,left
Inner fjord,Blue mussel colony,2016-05-11,1,Lutetium,23929,2.095538069767284e-11,1.3396044875577029e-11,4.4653482918590096e-11,interval
Inner fjord,Blue mussel colony,2016-05-31,1,Lutetium,23929,1.3396044875577029e-11,1.3396044875577029e-11,4.4653482918590096e-11,left
Inner fjord,Blue mussel colony,2016-10-27,1,Lutetium,23929,1.3396044875577029e-11,1.3396044875577029e-11,4.4653482918590096e-11,left
Inner fjord,Blue mussel colony,2016-05-11,3,Lutetium,23929,1.3396044875577029e-11,1.3396044875577029e-11,4.4653482918590096e-11,left
Inner fjord,Blue mussel colony,2016-05-31,3,Lutetium,23929,3.3110561831584144e-11,1.3396044875577029e-11,4.4653482918590096e-11,interval
Inner fjord,Blue mussel colony,2016-10-27,3,Lutetium,23929,1.3396044875577029e-11,1.3396044875577029e-11,4.4653482918590096e-11,left
Outer fjord,Outside threshold,2016-05-11,3,Lutetium,23929,1.3396044875577029e-11,1.3396044875577029e-11,4.4653482918590096e-11,left
Outer fjord,Outside threshold,2016-05-31,3,Lutetium,23929,4.096073652824784e-11,1.3396044875577029e-11,4.4653482918590096e-11,interval
Outer fjord,Outside threshold,2016-10-27,3,Lutetium,23929,1.3396044875577029e-11,1.3396044875577029e-11,4.4653482918590096e-11,left
Outer fjord,Open sea,2016-05-11,6,Lutetium,23929,1.3396044875577029e-11,1.3396044875577029e-11,4.4653482918590096e-11,left
Outer fjord,Open sea,2016-10-01,6,Lutetium,23929,1.3396044875577029e-11,1.3396044875577029e-11,4.4653482918590096e-11,left
Inner fjord,Stordalsbekken,2016-05-11,1,Manganese,23930,7.49154749765194e-8,3.157977426288914e-9,1.0526591420963049e-8,none
Inner fjord,Stordalsbekken,2016-05-31,1,Manganese,23930,1.6394553753826098e-7,3.157977426288914e-9,1.0526591420963049e-8,none
Inner fjord,Stordalsbekken,2016-10-27,1,Manganese,23930,7.283715041996019e-8,3.157977426288914e-9,1.0526591420963049e-8,none
Inner fjord,Stordalsbekken,2016-05-11,3,Manganese,23930,5.09158923188332e-8,3.157977426288914e-9,1.0526591420963049e-8,none
Inner fjord,Stordalsbekken,2016-05-31,3,Manganese,23930,6.017325587696694e-8,3.157977426288914e-9,1.0526591420963049e-8,none
Inner fjord,Stordalsbekken,2016-10-27,3,Manganese,23930,4.6673701030627704e-8,3.157977426288914e-9,1.0526591420963049e-8,none
Inner fjord,Blue mussel colony,2016-05-11,1,Manganese,23930,7.69724371775367e-8,3.157977426288914e-9,1.0526591420963049e-8,none
Inner fjord,Blue mussel colony,2016-05-31,1,Manganese,23930,7.017422208232646e-8,3.157977426288914e-9,1.0526591420963049e-8,none
Inner fjord,Blue mussel colony,2016-10-27,1,Manganese,23930,7.040844404026866e-8,3.157977426288914e-9,1.0526591420963049e-8,none
Inner fjord,Blue mussel colony,2016-05-11,3,Manganese,23930,4.9525754493715405e-8,3.157977426288914e-9,1.0526591420963049e-8,none
Inner fjord,Blue mussel colony,2016-05-31,3,Manganese,23930,4.022055160415218e-8,3.157977426288914e-9,1.0526591420963049e-8,none
Inner fjord,Blue mussel colony,2016-10-27,3,Manganese,23930,2.6631189672994116e-8,3.157977426288914e-9,1.0526591420963049e-8,none
Outer fjord,Outside threshold,2016-05-11,3,Manganese,23930,3.4176950283170684e-8,3.157977426288914e-9,1.0526591420963049e-8,none
Outer fjord,Outside threshold,2016-05-31,3,Manganese,23930,6.539962219655347e-8,3.157977426288914e-9,1.0526591420963049e-8,none
Outer fjord,Outside threshold,2016-10-27,3,Manganese,23930,3.157977426288914e-9,3.157977426288914e-9,1.0526591420963049e-8,left
Outer fjord,Open sea,2016-05-11,6,Manganese,23930,8.197850417911799e-8,3.157977426288914e-9,1.0526591420963049e-8,none
Outer fjord,Open sea,2016-10-01,6,Manganese,23930,2.177831490086567e-8,3.157977426288914e-9,1.0526591420963049e-8,none
Outer fjord,Open sea,2016-10-01,6,Manganese,23930,7.821355427059886e-8,3.157977426288914e-9,1.0526591420963049e-8,none
Inner fjord,Stordalsbekken,2016-05-31,1,Molybdenum,23932,6.62103230881095e-8,1.3956117881194954e-8,4.6520392937316516e-8,none
Inner fjord,Stordalsbekken,2016-10-27,1,Molybdenum,23932,1.0283530581646349e-7,1.3956117881194954e-8,4.6520392937316516e-8,none
Inner fjord,Stordalsbekken,2016-05-31,3,Molybdenum,23932,8.405476203883936e-8,1.3956117881194954e-8,4.6520392937316516e-8,none
Inner fjord,Stordalsbekken,2016-10-27,3,Molybdenum,23932,9.979149880432413e-8,1.3956117881194954e-8,4.6520392937316516e-8,none
Inner fjord,Blue mussel colony,2016-05-31,1,Molybdenum,23932,8.461230022956922e-8,1.3956117881194954e-8,4.6520392937316516e-8,none
Inner fjord,Blue mussel colony,2016-10-27,1,Molybdenum,23932,8.210073261775885e-8,1.3956117881194954e-8,4.6520392937316516e-8,none
Inner fjord,Blue mussel colony,2016-05-31,3,Molybdenum,23932,9.165305711065456e-8,1.3956117881194954e-8,4.6520392937316516e-8,none
Inner fjord,Blue mussel colony,2016-10-27,3,Molybdenum,23932,9.49080075514167e-8,1.3956117881194954e-8,4.6520392937316516e-8,none
Outer fjord,Outside threshold,2016-05-31,3,Molybdenum,23932,8.260654912204617e-8,1.3956117881194954e-8,4.6520392937316516e-8,none
Outer fjord,Outside threshold,2016-10-27,3,Molybdenum,23932,1.0811032856778484e-7,1.3956117881194954e-8,4.6520392937316516e-8,none
Outer fjord,Open sea,2016-05-11,6,Molybdenum,23932,1.1097034198797421e-7,1.3956117881194954e-8,4.6520392937316516e-8,none
Outer fjord,Open sea,2016-10-01,6,Molybdenum,23932,1.0397350325830252e-7,1.3956117881194954e-8,4.6520392937316516e-8,none
Outer fjord,Open sea,2016-10-01,6,Molybdenum,23932,1.3956117881194954e-8,1.3956117881194954e-8,4.6520392937316516e-8,left
Inner fjord,Stordalsbekken,2016-05-11,1,Neodymium,23934,2.302512896300407e-9,3.730680351078502e-11,1.2435601170261673e-10,none
Inner fjord,Stordalsbekken,2016-05-31,1,Neodymium,23934,3.6394151123735776e-9,3.730680351078502e-11,1.2435601170261673e-10,none
Inner fjord,Stordalsbekken,2016-10-27,1,Neodymium,23934,8.51456491016446e-10,3.730680351078502e-11,1.2435601170261673e-10,none
Inner fjord,Stordalsbekken,2016-05-11,3,Neodymium,23934,1.5615427553335067e-9,3.730680351078502e-11,1.2435601170261673e-10,none
Inner fjord,Stordalsbekken,2016-05-31,3,Neodymium,23934,7.158155938190745e-10,3.730680351078502e-11,1.2435601170261673e-10,none
Inner fjord,Stordalsbekken,2016-10-27,3,Neodymium,23934,4.611979411317046e-10,3.730680351078502e-11,1.2435601170261673e-10,none
Inner fjord,Blue mussel colony,2016-05-11,1,Neodymium,23934,1.0410168160098128e-9,3.730680351078502e-11,1.2435601170261673e-10,none
Inner fjord,Blue mussel colony,2016-05-31,1,Neodymium,23934,4.886430990497629e-10,3.730680351078502e-11,1.2435601170261673e-10,none
Inner fjord,Blue mussel colony,2016-10-27,1,Neodymium,23934,1.8128069254290339e-9,3.730680351078502e-11,1.2435601170261673e-10,none
Inner fjord,Blue mussel colony,2016-05-11,3,Neodymium,23934,1.029250185048114e-9,3.730680351078502e-11,1.2435601170261673e-10,none
Inner fjord,Blue mussel colony,2016-05-31,3,Neodymium,23934,4.1932472318757197e-10,3.730680351078502e-11,1.2435601170261673e-10,none
Inner fjord,Blue mussel colony,2016-10-27,3,Neodymium,23934,8.632437040312686e-10,3.730680351078502e-11,1.2435601170261673e-10,none
Outer fjord,Outside threshold,2016-05-11,3,Neodymium,23934,6.793311441971787e-10,3.730680351078502e-11,1.2435601170261673e-10,none
Outer fjord,Outside threshold,2016-05-31,3,Neodymium,23934,6.193404021331831e-10,3.730680351078502e-11,1.2435601170261673e-10,none
Outer fjord,Outside threshold,2016-10-27,3,Neodymium,23934,1.3751380642145388e-10,3.730680351078502e-11,1.2435601170261673e-10,none
Outer fjord,Open sea,2016-05-11,6,Neodymium,23934,1.0130202885154097e-9,3.730680351078502e-11,1.2435601170261673e-10,none
Outer fjord,Open sea,2016-10-01,6,Neodymium,23934,3.9128633419734024e-10,3.730680351078502e-11,1.2435601170261673e-10,none
Outer fjord,Open sea,2016-10-01,6,Neodymium,23934,3.730680351078502e-11,3.730680351078502e-11,1.2435601170261673e-10,left
Inner fjord,Stordalsbekken,2016-05-11,1,Nickel,935,1.2430913458286234e-8,1.0250956106250337e-8,3.416985368750113e-8,interval
Inner fjord,Stordalsbekken,2016-05-31,1,Nickel,935,1.4755856157056234e-8,1.0250956106250337e-8,3.416985368750113e-8,interval
Inner fjord,Stordalsbekken,2016-10-27,1,Nickel,935,1.092429966636925e-8,1.0250956106250337e-8,3.416985368750113e-8,interval
Inner fjord,Stordalsbekken,2016-05-11,3,Nickel,935,1.1513332472235741e-8,1.0250956106250337e-8,3.416985368750113e-8,interval
Inner fjord,Stordalsbekken,2016-05-31,3,Nickel,935,1.0250956106250337e-8,1.0250956106250337e-8,3.416985368750113e-8,left
Inner fjord,Stordalsbekken,2016-10-27,3,Nickel,935,1.0250956106250337e-8,1.0250956106250337e-8,3.416985368750113e-8,left
Inner fjord,Blue mussel colony,2016-05-11,1,Nickel,935,1.772953435622182e-8,1.0250956106250337e-8,3.416985368750113e-8,interval
Inner fjord,Blue mussel colony,2016-05-31,1,Nickel,935,1.0250956106250337e-8,1.0250956106250337e-8,3.416985368750113e-8,left
Inner fjord,Blue mussel colony,2016-10-27,1,Nickel,935,1.1487407056637635e-8,1.0250956106250337e-8,3.416985368750113e-8,interval
Inner fjord,Blue mussel colony,2016-05-11,3,Nickel,935,1.0539076677568197e-8,1.0250956106250337e-8,3.416985368750113e-8,interval
Inner fjord,Blue mussel colony,2016-05-31,3,Nickel,935,1.322819897301607e-8,1.0250956106250337e-8,3.416985368750113e-8,interval
Inner fjord,Blue mussel colony,2016-10-27,3,Nickel,935,1.0250956106250337e-8,1.0250956106250337e-8,3.416985368750113e-8,left
Outer fjord,Outside threshold,2016-05-11,3,Nickel,935,1.4768848298654706e-8,1.0250956106250337e-8,3.416985368750113e-8,interval
Outer fjord,Outside threshold,2016-05-31,3,Nickel,935,1.1771922787611562e-8,1.0250956106250337e-8,3.416985368750113e-8,interval
Outer fjord,Outside threshold,2016-10-27,3,Nickel,935,1.0250956106250337e-8,1.0250956106250337e-8,3.416985368750113e-8,left
Outer fjord,Open sea,2016-05-11,6,Nickel,935,1.0250956106250337e-8,1.0250956106250337e-8,3.416985368750113e-8,left
Outer fjord,Open sea,2016-10-01,6,Nickel,935,1.0250956106250337e-8,1.0250956106250337e-8,3.416985368750113e-8,left
Outer fjord,Open sea,2016-10-01,6,Nickel,935,1.700621251733093e-7,1.0250956106250337e-8,3.416985368750113e-8,none
Inner fjord,Stordalsbekken,2016-05-31,1,Lead,5352425,3.679273901418585e-10,3.679273901418585e-10,1.2264246338061952e-9,left
Inner fjord,Stordalsbekken,2016-10-27,1,Lead,5352425,3.679273901418585e-10,3.679273901418585e-10,1.2264246338061952e-9,left
Inner fjord,Stordalsbekken,2016-05-31,3,Lead,5352425,3.679273901418585e-10,3.679273901418585e-10,1.2264246338061952e-9,left
Inner fjord,Stordalsbekken,2016-10-27,3,Lead,5352425,3.679273901418585e-10,3.679273901418585e-10,1.2264246338061952e-9,left
Inner fjord,Blue mussel colony,2016-05-31,1,Lead,5352425,3.679273901418585e-10,3.679273901418585e-10,1.2264246338061952e-9,left
Inner fjord,Blue mussel colony,2016-10-27,1,Lead,5352425,3.679273901418585e-10,3.679273901418585e-10,1.2264246338061952e-9,left
Inner fjord,Blue mussel colony,2016-05-31,3,Lead,5352425,3.679273901418585e-10,3.679273901418585e-10,1.2264246338061952e-9,left
Inner fjord,Blue mussel colony,2016-10-27,3,Lead,5352425,3.679273901418585e-10,3.679273901418585e-10,1.2264246338061952e-9,left
Outer fjord,Outside threshold,2016-05-31,3,Lead,5352425,3.679273901418585e-10,3.679273901418585e-10,1.2264246338061952e-9,left
Outer fjord,Outside threshold,2016-10-27,3,Lead,5352425,3.679273901418585e-10,3.679273901418585e-10,1.2264246338061952e-9,left
Outer fjord,Open sea,2016-05-11,6,Lead,5352425,8.686177818456639e-10,3.679273901418585e-10,1.2264246338061952e-9,interval
Outer fjord,Open sea,2016-10-01,6,Lead,5352425,3.679273901418585e-10,3.679273901418585e-10,1.2264246338061952e-9,left
Inner fjord,Stordalsbekken,2016-05-11,1,Praseodymium,23942,7.073646510020043e-10,1.5556471578463866e-11,5.185490526154622e-11,none
Inner fjord,Stordalsbekken,2016-05-31,1,Praseodymium,23942,8.659626359216459e-10,1.5556471578463866e-11,5.185490526154622e-11,none
Inner fjord,Stordalsbekken,2016-10-27,1,Praseodymium,23942,2.2068745072722662e-10,1.5556471578463866e-11,5.185490526154622e-11,none
Inner fjord,Stordalsbekken,2016-05-11,3,Praseodymium,23942,3.8931702188777233e-10,1.5556471578463866e-11,5.185490526154622e-11,none
Inner fjord,Stordalsbekken,2016-05-31,3,Praseodymium,23942,2.3768281068401044e-10,1.5556471578463866e-11,5.185490526154622e-11,none
Inner fjord,Stordalsbekken,2016-10-27,3,Praseodymium,23942,1.773685673779532e-10,1.5556471578463866e-11,5.185490526154622e-11,none
Inner fjord,Blue mussel colony,2016-05-11,1,Praseodymium,23942,3.7168628445035976e-10,1.5556471578463866e-11,5.185490526154622e-11,none
Inner fjord,Blue mussel colony,2016-05-31,1,Praseodymium,23942,8.95678138049989e-11,1.5556471578463866e-11,5.185490526154622e-11,none
Inner fjord,Blue mussel colony,2016-10-27,1,Praseodymium,23942,4.326691189353719e-10,1.5556471578463866e-11,5.185490526154622e-11,none
Inner fjord,Blue mussel colony,2016-05-11,3,Praseodymium,23942,3.206037156081079e-10,1.5556471578463866e-11,5.185490526154622e-11,none
Inner fjord,Blue mussel colony,2016-05-31,3,Praseodymium,23942,1.0980017148055448e-10,1.5556471578463866e-11,5.185490526154622e-11,none
Inner fjord,Blue mussel colony,2016-10-27,3,Praseodymium,23942,2.3050870561904908e-10,1.5556471578463866e-11,5.185490526154622e-11,none
Outer fjord,Outside threshold,2016-05-11,3,Praseodymium,23942,2.5261359435662994e-10,1.5556471578463866e-11,5.185490526154622e-11,none
Outer fjord,Outside threshold,2016-05-31,3,Praseodymium,23942,1.5300115766918e-10,1.5556471578463866e-11,5.185490526154622e-11,none
Outer fjord,Outside threshold,2016-10-27,3,Praseodymium,23942,1.5556471578463866e-11,1.5556471578463866e-11,5.185490526154622e-11,left
Outer fjord,Open sea,2016-05-11,6,Praseodymium,23942,2.438810097086227e-10,1.5556471578463866e-11,5.185490526154622e-11,none
Outer fjord,Open sea,2016-10-01,6,Praseodymium,23942,1.0122625971927419e-10,1.5556471578463866e-11,5.185490526154622e-11,none
Outer fjord,Open sea,2016-10-01,6,Praseodymium,23942,1.5556471578463866e-11,1.5556471578463866e-11,5.185490526154622e-11,left
Inner fjord,Stordalsbekken,2016-05-11,1,Antimony,5354495,1.539462520734787e-10,1.4993728986394913e-10,4.997909662131638e-10,interval
Inner fjord,Stordalsbekken,2016-05-31,1,Antimony,5354495,2.0995678027381777e-9,1.4993728986394913e-10,4.997909662131638e-10,none
Inner fjord,Stordalsbekken,2016-10-27,1,Antimony,5354495,2.1895273644312245e-9,1.4993728986394913e-10,4.997909662131638e-10,none
Inner fjord,Stordalsbekken,2016-05-11,3,Antimony,5354495,1.4993728986394913e-10,1.4993728986394913e-10,4.997909662131638e-10,left
Inner fjord,Stordalsbekken,2016-05-31,3,Antimony,5354495,3.0266898302298986e-9,1.4993728986394913e-10,4.997909662131638e-10,none
Inner fjord,Stordalsbekken,2016-10-27,3,Antimony,5354495,1.8899675608604094e-9,1.4993728986394913e-10,4.997909662131638e-10,none
Inner fjord,Blue mussel colony,2016-05-11,1,Antimony,5354495,1.4993728986394913e-10,1.4993728986394913e-10,4.997909662131638e-10,left
Inner fjord,Blue mussel colony,2016-05-31,1,Antimony,5354495,2.113245150681624e-9,1.4993728986394913e-10,4.997909662131638e-10,none
Inner fjord,Blue mussel colony,2016-10-27,1,Antimony,5354495,2.0628652247039583e-9,1.4993728986394913e-10,4.997909662131638e-10,none
Inner fjord,Blue mussel colony,2016-05-11,3,Antimony,5354495,1.4993728986394913e-10,1.4993728986394913e-10,4.997909662131638e-10,left
Inner fjord,Blue mussel colony,2016-05-31,3,Antimony,5354495,1.8153218227268986e-9,1.4993728986394913e-10,4.997909662131638e-10,none
Inner fjord,Blue mussel colony,2016-10-27,3,Antimony,5354495,2.5334000578174395e-9,1.4993728986394913e-10,4.997909662131638e-10,none
Outer fjord,Outside threshold,2016-05-11,3,Antimony,5354495,1.4993728986394913e-10,1.4993728986394913e-10,4.997909662131638e-10,left
Outer fjord,Outside threshold,2016-05-31,3,Antimony,5354495,1.91541194563678e-9,1.4993728986394913e-10,4.997909662131638e-10,none
Outer fjord,Outside threshold,2016-10-27,3,Antimony,5354495,2.565501487026942e-9,1.4993728986394913e-10,4.997909662131638e-10,none
Outer fjord,Open sea,2016-05-11,6,Antimony,5354495,1.4378772598888368e-9,1.4993728986394913e-10,4.997909662131638e-10,none
Outer fjord,Open sea,2016-10-01,6,Antimony,5354495,4.426427156553803e-9,1.4993728986394913e-10,4.997909662131638e-10,none
Outer fjord,Open sea,2016-10-01,6,Antimony,5354495,3.1968495727992553e-10,1.4993728986394913e-10,4.997909662131638e-10,interval
Inner fjord,Stordalsbekken,2016-05-11,1,Samarium,23951,5.444515452927117e-10,5.366542060150021e-11,1.7888473533833402e-10,none
Inner fjord,Stordalsbekken,2016-05-31,1,Samarium,23951,7.580245740170678e-10,5.366542060150021e-11,1.7888473533833402e-10,none
Inner fjord,Stordalsbekken,2016-10-27,1,Samarium,23951,5.366542060150021e-11,5.366542060150021e-11,1.7888473533833402e-10,left
Inner fjord,Stordalsbekken,2016-05-11,3,Samarium,23951,3.421327582832604e-10,5.366542060150021e-11,1.7888473533833402e-10,none
Inner fjord,Stordalsbekken,2016-05-31,3,Samarium,23951,9.814963652954998e-11,5.366542060150021e-11,1.7888473533833402e-10,interval
Inner fjord,Stordalsbekken,2016-10-27,3,Samarium,23951,5.366542060150021e-11,5.366542060150021e-11,1.7888473533833402e-10,left
Inner fjord,Blue mussel colony,2016-05-11,1,Samarium,23951,2.663465017859792e-10,5.366542060150021e-11,1.7888473533833402e-10,none
Inner fjord,Blue mussel colony,2016-05-31,1,Samarium,23951,5.366542060150021e-11,5.366542060150021e-11,1.7888473533833402e-10,left
Inner fjord,Blue mussel colony,2016-10-27,1,Samarium,23951,2.080673450988688e-10,5.366542060150021e-11,1.7888473533833402e-10,none
Inner fjord,Blue mussel colony,2016-05-11,3,Samarium,23951,2.3941108835784837e-10,5.366542060150021e-11,1.7888473533833402e-10,none
Inner fjord,Blue mussel colony,2016-05-31,3,Samarium,23951,5.366542060150021e-11,5.366542060150021e-11,1.7888473533833402e-10,left
Inner fjord,Blue mussel colony,2016-10-27,3,Samarium,23951,2.0210817401054304e-10,5.366542060150021e-11,1.7888473533833402e-10,none
Outer fjord,Outside threshold,2016-05-11,3,Samarium,23951,1.5597684874580923e-10,5.366542060150021e-11,1.7888473533833402e-10,interval
Outer fjord,Outside threshold,2016-05-31,3,Samarium,23951,5.366542060150021e-11,5.366542060150021e-11,1.7888473533833402e-10,left
Outer fjord,Outside threshold,2016-10-27,3,Samarium,23951,8.983098049828594e-11,5.366542060150021e-11,1.7888473533833402e-10,interval
Outer fjord,Open sea,2016-05-11,6,Samarium,23951,1.508711271773854e-10,5.366542060150021e-11,1.7888473533833402e-10,interval
Outer fjord,Open sea,2016-10-01,6,Samarium,23951,9.186009345289518e-11,5.366542060150021e-11,1.7888473533833402e-10,interval
Outer fjord,Open sea,2016-10-01,6,Samarium,23951,5.366542060150021e-11,5.366542060150021e-11,1.7888473533833402e-10,left
Inner fjord,Stordalsbekken,2016-05-11,1,Strontium,5359327,5.4113245378287874e-5,7.684288198132986e-6,2.561429399377662e-5,none
Inner fjord,Stordalsbekken,2016-05-31,1,Strontium,5359327,5.168625579054097e-5,7.684288198132986e-6,2.561429399377662e-5,none
Inner fjord,Stordalsbekken,2016-10-27,1,Strontium,5359327,6.923733693373695e-5,7.684288198132986e-6,2.561429399377662e-5,none
Inner fjord,Stordalsbekken,2016-05-11,3,Strontium,5359327,6.240495018646742e-5,7.684288198132986e-6,2.561429399377662e-5,none
Inner fjord,Stordalsbekken,2016-05-31,3,Strontium,5359327,6.776300198710255e-5,7.684288198132986e-6,2.561429399377662e-5,none
Inner fjord,Stordalsbekken,2016-10-27,3,Strontium,5359327,7.562116399504136e-5,7.684288198132986e-6,2.561429399377662e-5,none
Inner fjord,Blue mussel colony,2016-05-11,1,Strontium,5359327,5.358182508274682e-5,7.684288198132986e-6,2.561429399377662e-5,none
Inner fjord,Blue mussel colony,2016-05-31,1,Strontium,5359327,6.244506305478983e-5,7.684288198132986e-6,2.561429399377662e-5,none
Inner fjord,Blue mussel colony,2016-10-27,1,Strontium,5359327,5.658501939086547e-5,7.684288198132986e-6,2.561429399377662e-5,none
Inner fjord,Blue mussel colony,2016-05-11,3,Strontium,5359327,6.093306385068397e-5,7.684288198132986e-6,2.561429399377662e-5,none
Inner fjord,Blue mussel colony,2016-05-31,3,Strontium,5359327,6.665576784741341e-5,7.684288198132986e-6,2.561429399377662e-5,none
Inner fjord,Blue mussel colony,2016-10-27,3,Strontium,5359327,6.910627968063562e-5,7.684288198132986e-6,2.561429399377662e-5,none
Outer fjord,Outside threshold,2016-05-11,3,Strontium,5359327,6.050469731209349e-5,7.684288198132986e-6,2.561429399377662e-5,none
Outer fjord,Outside threshold,2016-05-31,3,Strontium,5359327,6.188817103689934e-5,7.684288198132986e-6,2.561429399377662e-5,none
Outer fjord,Outside threshold,2016-10-27,3,Strontium,5359327,8.213004653037282e-5,7.684288198132986e-6,2.561429399377662e-5,none
Outer fjord,Open sea,2016-05-11,6,Strontium,5359327,9.98912543397684e-5,7.684288198132986e-6,2.561429399377662e-5,none
Outer fjord,Open sea,2016-10-01,6,Strontium,5359327,8.431324194335759e-5,7.684288198132986e-6,2.561429399377662e-5,none
Outer fjord,Open sea,2016-10-01,6,Strontium,5359327,7.684288198132986e-6,7.684288198132986e-6,2.561429399377662e-5,left
Inner fjord,Stordalsbekken,2016-05-31,1,Thorium,23960,1.1988415393701607e-10,1.1988415393701607e-10,3.9961384645672027e-10,left
Inner fjord,Stordalsbekken,2016-10-27,1,Thorium,23960,1.1988415393701607e-10,1.1988415393701607e-10,3.9961384645672027e-10,left
Inner fjord,Stordalsbekken,2016-05-31,3,Thorium,23960,1.1988415393701607e-10,1.1988415393701607e-10,3.9961384645672027e-10,left
Inner fjord,Stordalsbekken,2016-10-27,3,Thorium,23960,1.6836357507625453e-10,1.1988415393701607e-10,3.9961384645672027e-10,interval
Inner fjord,Blue mussel colony,2016-05-31,1,Thorium,23960,1.1988415393701607e-10,1.1988415393701607e-10,3.9961384645672027e-10,left
Inner fjord,Blue mussel colony,2016-10-27,1,Thorium,23960,1.1988415393701607e-10,1.1988415393701607e-10,3.9961384645672027e-10,left
Inner fjord,Blue mussel colony,2016-05-31,3,Thorium,23960,1.1988415393701607e-10,1.1988415393701607e-10,3.9961384645672027e-10,left
Inner fjord,Blue mussel colony,2016-10-27,3,Thorium,23960,1.1988415393701607e-10,1.1988415393701607e-10,3.9961384645672027e-10,left
Outer fjord,Outside threshold,2016-05-31,3,Thorium,23960,1.1988415393701607e-10,1.1988415393701607e-10,3.9961384645672027e-10,left
Outer fjord,Outside threshold,2016-10-27,3,Thorium,23960,1.1988415393701607e-10,1.1988415393701607e-10,3.9961384645672027e-10,left
Outer fjord,Open sea,2016-05-11,6,Thorium,23960,1.1988415393701607e-10,1.1988415393701607e-10,3.9961384645672027e-10,left
Outer fjord,Open sea,2016-10-01,6,Thorium,23960,1.1988415393701607e-10,1.1988415393701607e-10,3.9961384645672027e-10,left
Inner fjord,Stordalsbekken,2016-05-11,1,Thulium,23961,2.3014712018385885e-11,1.0144052414287595e-11,3.381350804762531e-11,interval
Inner fjord,Stordalsbekken,2016-05-31,1,Thulium,23961,3.6457260425282696e-11,1.0144052414287595e-11,3.381350804762531e-11,none
Inner fjord,Stordalsbekken,2016-10-27,1,Thulium,23961,3.249875716771691e-11,1.0144052414287595e-11,3.381350804762531e-11,interval
Inner fjord,Stordalsbekken,2016-05-11,3,Thulium,23961,2.2797114279566487e-11,1.0144052414287595e-11,3.381350804762531e-11,interval
Inner fjord,Stordalsbekken,2016-05-31,3,Thulium,23961,1.0144052414287595e-11,1.0144052414287595e-11,3.381350804762531e-11,left
Inner fjord,Stordalsbekken,2016-10-27,3,Thulium,23961,1.9669489818254152e-11,1.0144052414287595e-11,3.381350804762531e-11,interval
Inner fjord,Blue mussel colony,2016-05-11,1,Thulium,23961,1.5903176884221184e-11,1.0144052414287595e-11,3.381350804762531e-11,interval
Inner fjord,Blue mussel colony,2016-05-31,1,Thulium,23961,1.0144052414287595e-11,1.0144052414287595e-11,3.381350804762531e-11,left
Inner fjord,Blue mussel colony,2016-10-27,1,Thulium,23961,1.0144052414287595e-11,1.0144052414287595e-11,3.381350804762531e-11,left
Inner fjord,Blue mussel colony,2016-05-11,3,Thulium,23961,1.3038848410708173e-11,1.0144052414287595e-11,3.381350804762531e-11,interval
Inner fjord,Blue mussel colony,2016-05-31,3,Thulium,23961,1.0144052414287595e-11,1.0144052414287595e-11,3.381350804762531e-11,left
Inner fjord,Blue mussel colony,2016-10-27,3,Thulium,23961,1.0144052414287595e-11,1.0144052414287595e-11,3.381350804762531e-11,left
Outer fjord,Outside threshold,2016-05-11,3,Thulium,23961,1.0144052414287595e-11,1.0144052414287595e-11,3.381350804762531e-11,left
Outer fjord,Outside threshold,2016-05-31,3,Thulium,23961,6.444372875536754e-11,1.0144052414287595e-11,3.381350804762531e-11,none
Outer fjord,Outside threshold,2016-10-27,3,Thulium,23961,1.0144052414287595e-11,1.0144052414287595e-11,3.381350804762531e-11,left
Outer fjord,Open sea,2016-05-11,6,Thulium,23961,2.1423080062726947e-11,1.0144052414287595e-11,3.381350804762531e-11,interval
Outer fjord,Open sea,2016-10-01,6,Thulium,23961,1.0144052414287595e-11,1.0144052414287595e-11,3.381350804762531e-11,left
Inner fjord,Stordalsbekken,2016-05-11,1,Uranium,23989,8.110084456790027e-9,NA,NA,none
Inner fjord,Stordalsbekken,2016-05-31,1,Uranium,23989,8.45331622239126e-9,NA,NA,none
Inner fjord,Stordalsbekken,2016-10-27,1,Uranium,23989,1.0469581639090403e-8,NA,NA,none
Inner fjord,Stordalsbekken,2016-05-11,3,Uranium,23989,1.3486070489552436e-8,NA,NA,none
Inner fjord,Stordalsbekken,2016-05-31,3,Uranium,23989,1.0982233189690483e-8,NA,NA,none
Inner fjord,Stordalsbekken,2016-10-27,3,Uranium,23989,1.247117787496691e-8,NA,NA,none
Inner fjord,Blue mussel colony,2016-05-11,1,Uranium,23989,1.256661749082105e-8,NA,NA,none
Inner fjord,Blue mussel colony,2016-05-31,1,Uranium,23989,9.512894932023771e-9,NA,NA,none
Inner fjord,Blue mussel colony,2016-10-27,1,Uranium,23989,1.0170347795362989e-8,NA,NA,none
Inner fjord,Blue mussel colony,2016-05-11,3,Uranium,23989,1.6278167903176394e-8,NA,NA,none
Inner fjord,Blue mussel colony,2016-05-31,3,Uranium,23989,1.0858225943845069e-8,NA,NA,none
Inner fjord,Blue mussel colony,2016-10-27,3,Uranium,23989,1.2414816450260844e-8,NA,NA,none
Outer fjord,Outside threshold,2016-05-11,3,Uranium,23989,1.8975085305952612e-8,NA,NA,none
Outer fjord,Outside threshold,2016-05-31,3,Uranium,23989,1.0074727016940844e-8,NA,NA,none
Outer fjord,Outside threshold,2016-10-27,3,Uranium,23989,1.3091076134196213e-8,NA,NA,none
Outer fjord,Open sea,2016-05-11,6,Uranium,23989,1.4040633544052394e-8,NA,NA,none
Outer fjord,Open sea,2016-10-01,6,Uranium,23989,1.1909488742560867e-8,NA,NA,none
Inner fjord,Stordalsbekken,2016-05-11,1,Vanadium,23990,1.3876554868284366e-8,NA,NA,none
Inner fjord,Stordalsbekken,2016-05-31,1,Vanadium,23990,1.733765005176342e-8,NA,NA,none
Inner fjord,Stordalsbekken,2016-10-27,1,Vanadium,23990,1.0112643266634325e-8,NA,NA,none
Inner fjord,Stordalsbekken,2016-05-11,3,Vanadium,23990,1.7321815948853165e-8,NA,NA,none
Inner fjord,Stordalsbekken,2016-05-31,3,Vanadium,23990,2.169048302657673e-8,NA,NA,none
Inner fjord,Stordalsbekken,2016-10-27,3,Vanadium,23990,1.6521802871733742e-8,NA,NA,none
Inner fjord,Blue mussel colony,2016-05-11,1,Vanadium,23990,1.480071866346734e-8,NA,NA,none
Inner fjord,Blue mussel colony,2016-05-31,1,Vanadium,23990,2.1440006519633948e-8,NA,NA,none
Inner fjord,Blue mussel colony,2016-10-27,1,Vanadium,23990,1.7821497967412566e-8,NA,NA,none
Inner fjord,Blue mussel colony,2016-05-11,3,Vanadium,23990,1.71494112235159e-8,NA,NA,none
Inner fjord,Blue mussel colony,2016-05-31,3,Vanadium,23990,2.256007386181806e-8,NA,NA,none
Inner fjord,Blue mussel colony,2016-10-27,3,Vanadium,23990,2.0932167513562192e-8,NA,NA,none
Outer fjord,Outside threshold,2016-05-11,3,Vanadium,23990,1.8495023146077954e-8,NA,NA,none
Outer fjord,Outside threshold,2016-05-31,3,Vanadium,23990,2.1671844075716375e-8,NA,NA,none
Outer fjord,Outside threshold,2016-10-27,3,Vanadium,23990,2.7854557785517134e-8,NA,NA,none
Outer fjord,Open sea,2016-05-11,6,Vanadium,23990,2.4079231186655242e-8,NA,NA,none
Outer fjord,Open sea,2016-10-01,6,Vanadium,23990,3.083541550239857e-8,NA,NA,none
Outer fjord,Open sea,2016-10-01,6,Vanadium,23990,7.199962079300115e-8,NA,NA,none
Inner fjord,Stordalsbekken,2016-05-11,1,Ytterbium,23992,1.3927163827350898e-10,1.1262224900324042e-10,3.7540749667746806e-10,interval
Inner fjord,Stordalsbekken,2016-05-31,1,Ytterbium,23992,1.1262224900324042e-10,1.1262224900324042e-10,3.7540749667746806e-10,left
Inner fjord,Stordalsbekken,2016-10-27,1,Ytterbium,23992,1.1262224900324042e-10,1.1262224900324042e-10,3.7540749667746806e-10,left
Inner fjord,Stordalsbekken,2016-05-11,3,Ytterbium,23992,1.1262224900324042e-10,1.1262224900324042e-10,3.7540749667746806e-10,left
Inner fjord,Stordalsbekken,2016-05-31,3,Ytterbium,23992,1.1262224900324042e-10,1.1262224900324042e-10,3.7540749667746806e-10,left
Inner fjord,Stordalsbekken,2016-10-27,3,Ytterbium,23992,1.1262224900324042e-10,1.1262224900324042e-10,3.7540749667746806e-10,left
Inner fjord,Blue mussel colony,2016-05-11,1,Ytterbium,23992,1.2627685349936094e-10,1.1262224900324042e-10,3.7540749667746806e-10,interval
Inner fjord,Blue mussel colony,2016-05-31,1,Ytterbium,23992,1.1262224900324042e-10,1.1262224900324042e-10,3.7540749667746806e-10,left
Inner fjord,Blue mussel colony,2016-10-27,1,Ytterbium,23992,1.1262224900324042e-10,1.1262224900324042e-10,3.7540749667746806e-10,left
Inner fjord,Blue mussel colony,2016-05-11,3,Ytterbium,23992,1.1262224900324042e-10,1.1262224900324042e-10,3.7540749667746806e-10,left
Inner fjord,Blue mussel colony,2016-05-31,3,Ytterbium,23992,1.5054620483384192e-10,1.1262224900324042e-10,3.7540749667746806e-10,interval
Inner fjord,Blue mussel colony,2016-10-27,3,Ytterbium,23992,1.1262224900324042e-10,1.1262224900324042e-10,3.7540749667746806e-10,left
Outer fjord,Outside threshold,2016-05-11,3,Ytterbium,23992,1.1929100259482408e-10,1.1262224900324042e-10,3.7540749667746806e-10,interval
Outer fjord,Outside threshold,2016-05-31,3,Ytterbium,23992,1.1262224900324042e-10,1.1262224900324042e-10,3.7540749667746806e-10,left
Outer fjord,Outside threshold,2016-10-27,3,Ytterbium,23992,1.1262224900324042e-10,1.1262224900324042e-10,3.7540749667746806e-10,left
Outer fjord,Open sea,2016-05-11,6,Ytterbium,23992,1.1262224900324042e-10,1.1262224900324042e-10,3.7540749667746806e-10,left
Outer fjord,Open sea,2016-10-01,6,Ytterbium,23992,1.963693445548568e-10,1.1262224900324042e-10,3.7540749667746806e-10,interval
Inner fjord,Stordalsbekken,2016-05-11,1,Zinc,23994,7.807594375067963e-9,7.807594375067963e-9,2.6025314583559875e-8,left
Inner fjord,Stordalsbekken,2016-05-31,1,Zinc,23994,1.895992775200303e-7,7.807594375067963e-9,2.6025314583559875e-8,none
Inner fjord,Stordalsbekken,2016-10-27,1,Zinc,23994,1.2015609827070211e-6,7.807594375067963e-9,2.6025314583559875e-8,none
Inner fjord,Stordalsbekken,2016-05-11,3,Zinc,23994,7.807594375067963e-9,7.807594375067963e-9,2.6025314583559875e-8,left
Inner fjord,Stordalsbekken,2016-05-31,3,Zinc,23994,2.6807926010464014e-7,7.807594375067963e-9,2.6025314583559875e-8,none
Inner fjord,Stordalsbekken,2016-10-27,3,Zinc,23994,2.708428338485494e-7,7.807594375067963e-9,2.6025314583559875e-8,none
Inner fjord,Blue mussel colony,2016-05-11,1,Zinc,23994,7.807594375067963e-9,7.807594375067963e-9,2.6025314583559875e-8,left
Inner fjord,Blue mussel colony,2016-05-31,1,Zinc,23994,2.622108746251393e-7,7.807594375067963e-9,2.6025314583559875e-8,none
Inner fjord,Blue mussel colony,2016-10-27,1,Zinc,23994,2.666739479795946e-8,7.807594375067963e-9,2.6025314583559875e-8,none
Inner fjord,Blue mussel colony,2016-05-11,3,Zinc,23994,7.807594375067963e-9,7.807594375067963e-9,2.6025314583559875e-8,left
Inner fjord,Blue mussel colony,2016-05-31,3,Zinc,23994,1.7659685998284065e-7,7.807594375067963e-9,2.6025314583559875e-8,none
Inner fjord,Blue mussel colony,2016-10-27,3,Zinc,23994,2.431632950309236e-8,7.807594375067963e-9,2.6025314583559875e-8,interval
Outer fjord,Outside threshold,2016-05-11,3,Zinc,23994,7.807594375067963e-9,7.807594375067963e-9,2.6025314583559875e-8,left
Outer fjord,Outside threshold,2016-05-31,3,Zinc,23994,1.9385458139950619e-7,7.807594375067963e-9,2.6025314583559875e-8,none
Outer fjord,Outside threshold,2016-10-27,3,Zinc,23994,1.0236573513377673e-8,7.807594375067963e-9,2.6025314583559875e-8,interval
Outer fjord,Open sea,2016-05-11,6,Zinc,23994,9.150697155976468e-8,7.807594375067963e-9,2.6025314583559875e-8,none
Outer fjord,Open sea,2016-10-01,6,Zinc,23994,5.608153949260354e-8,7.807594375067963e-9,2.6025314583559875e-8,none
Outer fjord,Open sea,2016-10-01,6,Zinc,23994,8.2410056663913e-9,7.807594375067963e-9,2.6025314583559875e-8,interval
