site,date,iupac_name,pubchem_cid,value,loq,lod,censored
HOV 122z,2016-11-01,"1,2,3,4,5,6-hexachlorocyclohexane",727,2.420907840440165e-13,NA,NA,none
ALN 138x,2016-11-01,"1,2,3,4,5,6-hexachlorocyclohexane",727,2.372764786795048e-13,7.909215955983495e-13,2.372764786795048e-13,left
ALN 125x,2016-11-01,"1,2,3,4,5,6-hexachlorocyclohexane",727,3.036451169188446e-13,NA,NA,none
ALN 136x,2016-11-01,"1,2,3,4,5,6-hexachlorocyclohexane",727,4.676753782668501e-13,NA,NA,none
HOV 122z,2016-11-01,"1,2,3,4,5,6-hexachlorocyclohexane",727,2.2008253094910591e-13,7.336084364970197e-13,2.2008253094910591e-13,left
ALN 138x,2016-11-01,"1,2,3,4,5,6-hexachlorocyclohexane",727,2.2008253094910591e-13,7.336084364970197e-13,2.2008253094910591e-13,left
ALN 125x,2016-11-01,"1,2,3,4,5,6-hexachlorocyclohexane",727,2.2008253094910591e-13,7.336084364970197e-13,2.2008253094910591e-13,left
ALN 136x,2016-11-01,"1,2,3,4,5,6-hexachlorocyclohexane",727,2.403713892709766e-13,8.012379642365888e-13,2.403713892709766e-13,left
HOV 122z,2016-11-01,"1,2,3,4,5,6-hexachlorocyclohexane",727,7.49656121045392e-13,2.498853736817973e-12,7.49656121045392e-13,left
ALN 138x,2016-11-01,"1,2,3,4,5,6-hexachlorocyclohexane",727,7.49656121045392e-13,2.498853736817973e-12,7.49656121045392e-13,left
ALN 125x,2016-11-01,"1,2,3,4,5,6-hexachlorocyclohexane",727,2.7819807427785423e-12,NA,NA,none
ALN 136x,2016-11-01,"1,2,3,4,5,6-hexachlorocyclohexane",727,7.49656121045392e-13,2.498853736817973e-12,7.49656121045392e-13,left
HOV 122z,2016-11-01,"1,2,3,4,5,6-hexachlorocyclohexane",727,2.063273727647868e-14,6.87757909215956e-14,2.063273727647868e-14,left
ALN 138x,2016-11-01,"1,2,3,4,5,6-hexachlorocyclohexane",727,1.71939477303989e-14,5.731315910132967e-14,1.71939477303989e-14,left
ALN 125x,2016-11-01,"1,2,3,4,5,6-hexachlorocyclohexane",727,7.565337001375514e-14,NA,NA,none
ALN 136x,2016-11-01,"1,2,3,4,5,6-hexachlorocyclohexane",727,4.642365887207703e-13,NA,NA,none
HOV 122z,2016-11-01,nickel,935,2.4965799971962963e-7,NA,NA,none
ALN 138x,2016-11-01,nickel,935,2.6860032684643143e-8,NA,NA,none
ALN 125x,2016-11-01,nickel,935,8.796324619797984e-8,NA,NA,none
ALN 136x,2016-11-01,nickel,935,3.790124946074523e-8,NA,NA,none
HOV 122z,2016-11-01,4-nonylphenol,1752,1.815293850692081e-13,6.050979502306937e-13,1.815293850692081e-13,left
ALN 138x,2016-11-01,4-nonylphenol,1752,1.815293850692081e-13,6.050979502306937e-13,1.815293850692081e-13,left
ALN 125x,2016-11-01,4-nonylphenol,1752,1.815293850692081e-13,6.050979502306937e-13,1.815293850692081e-13,left
ALN 136x,2016-11-01,4-nonylphenol,1752,1.815293850692081e-13,6.050979502306937e-13,1.815293850692081e-13,left
HOV 122z,2016-11-01,"1-chloro-4-[2,2-dichloro-1-(4-chlorophenyl)ethenyl]benzene",3035,5.943396226415094e-13,1.981132075471698e-12,5.943396226415094e-13,left
ALN 138x,2016-11-01,"1-chloro-4-[2,2-dichloro-1-(4-chlorophenyl)ethenyl]benzene",3035,5.943396226415094e-13,1.981132075471698e-12,5.943396226415094e-13,left
ALN 125x,2016-11-01,"1-chloro-4-[2,2-dichloro-1-(4-chlorophenyl)ethenyl]benzene",3035,5.943396226415094e-13,1.981132075471698e-12,5.943396226415094e-13,left
ALN 136x,2016-11-01,"1-chloro-4-[2,2-dichloro-1-(4-chlorophenyl)ethenyl]benzene",3035,5.943396226415094e-13,1.981132075471698e-12,5.943396226415094e-13,left
HOV 122z,2016-11-01,"1-chloro-4-[2,2,2-trichloro-1-(4-chlorophenyl)ethyl]benzene",3036,1.1086036671368125e-12,3.695345557122708e-12,1.1086036671368125e-12,left
ALN 138x,2016-11-01,"1-chloro-4-[2,2,2-trichloro-1-(4-chlorophenyl)ethyl]benzene",3036,1.1086036671368125e-12,3.695345557122708e-12,1.1086036671368125e-12,left
ALN 125x,2016-11-01,"1-chloro-4-[2,2,2-trichloro-1-(4-chlorophenyl)ethyl]benzene",3036,1.1086036671368125e-12,3.695345557122708e-12,1.1086036671368125e-12,left
ALN 136x,2016-11-01,"1-chloro-4-[2,2,2-trichloro-1-(4-chlorophenyl)ethyl]benzene",3036,1.1086036671368125e-12,3.695345557122708e-12,1.1086036671368125e-12,left
HOV 122z,2016-11-01,"1-chloro-2-[2,2-dichloro-1-(4-chlorophenyl)ethyl]benzene",4211,5.125e-13,1.7083333333333335e-12,5.125e-13,left
ALN 138x,2016-11-01,"1-chloro-2-[2,2-dichloro-1-(4-chlorophenyl)ethyl]benzene",4211,5.125e-13,1.7083333333333335e-12,5.125e-13,left
ALN 125x,2016-11-01,"1-chloro-2-[2,2-dichloro-1-(4-chlorophenyl)ethyl]benzene",4211,5.125e-13,1.7083333333333335e-12,5.125e-13,left
ALN 136x,2016-11-01,"1-chloro-2-[2,2-dichloro-1-(4-chlorophenyl)ethyl]benzene",4211,5.125e-13,1.7083333333333335e-12,5.125e-13,left
HOV 122z,2016-11-01,(2-hydroxy-4-methoxyphenyl)-phenylmethanone,4632,5.6957588503329825e-11,NA,NA,none
ALN 138x,2016-11-01,(2-hydroxy-4-methoxyphenyl)-phenylmethanone,4632,2.2344900105152468e-11,NA,NA,none
ALN 125x,2016-11-01,(2-hydroxy-4-methoxyphenyl)-phenylmethanone,4632,9.638976515948124e-11,NA,NA,none
ALN 136x,2016-11-01,(2-hydroxy-4-methoxyphenyl)-phenylmethanone,4632,2.190676480897301e-11,7.302254936324337e-11,2.190676480897301e-11,left
HOV 122z,2016-11-01,"1-chloro-4-[2,2-dichloro-1-(4-chlorophenyl)ethyl]benzene",6294,1.0406250000000001e-12,3.46875e-12,1.0406250000000001e-12,left
ALN 138x,2016-11-01,"1-chloro-4-[2,2-dichloro-1-(4-chlorophenyl)ethyl]benzene",6294,1.0406250000000001e-12,3.46875e-12,1.0406250000000001e-12,left
ALN 125x,2016-11-01,"1-chloro-4-[2,2-dichloro-1-(4-chlorophenyl)ethyl]benzene",6294,1.0406250000000001e-12,3.46875e-12,1.0406250000000001e-12,left
ALN 136x,2016-11-01,"1-chloro-4-[2,2-dichloro-1-(4-chlorophenyl)ethyl]benzene",6294,1.0406250000000001e-12,3.46875e-12,1.0406250000000001e-12,left
HOV 122z,2016-11-01,triethyl phosphate,6535,3.15478810121996e-9,NA,NA,none
ALN 138x,2016-11-01,triethyl phosphate,6535,1.2252110451395193e-9,NA,NA,none
ALN 125x,2016-11-01,triethyl phosphate,6535,1.1206931164829368e-9,NA,NA,none
HOV 122z,2016-11-01,tris(2-ethylhexyl) phosphate,6537,3.5983117512456577e-12,NA,NA,none
ALN 138x,2016-11-01,tris(2-ethylhexyl) phosphate,6537,1.3805798435342843e-12,4.601932811780948e-12,1.3805798435342843e-12,left
ALN 125x,2016-11-01,tris(2-ethylhexyl) phosphate,6537,1.1863519671505207e-11,NA,NA,none
ALN 136x,2016-11-01,tris(2-ethylhexyl) phosphate,6537,1.2856773336257575e-11,NA,NA,none
HOV 122z,2016-11-01,tris(2-butoxyethyl) phosphate,6540,1.0510767495566426e-9,NA,NA,none
ALN 138x,2016-11-01,tris(2-butoxyethyl) phosphate,6540,2.6234593842949177e-10,NA,NA,none
ALN 125x,2016-11-01,tris(2-butoxyethyl) phosphate,6540,5.289106245989379e-10,NA,NA,none
ALN 136x,2016-11-01,tris(2-butoxyethyl) phosphate,6540,2.7360914898963167e-9,NA,NA,none
HOV 122z,2016-11-01,4-(4-hydroxyphenyl)sulfonylphenol,6626,7.991369321133176e-13,2.663789773711059e-12,7.991369321133176e-13,left
ALN 138x,2016-11-01,4-(4-hydroxyphenyl)sulfonylphenol,6626,2.3345766572102126e-11,NA,NA,none
ALN 125x,2016-11-01,4-(4-hydroxyphenyl)sulfonylphenol,6626,2.8934279378271467e-11,NA,NA,none
ALN 136x,2016-11-01,4-(4-hydroxyphenyl)sulfonylphenol,6626,1.2499016106604865e-9,NA,NA,none
HOV 122z,2016-11-01,"1-(4-chlorophenyl)-3-(3,4-dichlorophenyl)urea",7547,3.1685678073510774e-12,1.0561892691170256e-11,3.1685678073510774e-12,left
ALN 138x,2016-11-01,"1-(4-chlorophenyl)-3-(3,4-dichlorophenyl)urea",7547,3.1685678073510774e-12,1.0561892691170256e-11,3.1685678073510774e-12,left
ALN 125x,2016-11-01,"1-(4-chlorophenyl)-3-(3,4-dichlorophenyl)urea",7547,3.1685678073510774e-12,1.0561892691170256e-11,3.1685678073510774e-12,left
ALN 136x,2016-11-01,"1-(4-chlorophenyl)-3-(3,4-dichlorophenyl)urea",7547,3.1685678073510774e-12,1.0561892691170256e-11,3.1685678073510774e-12,left
HOV 122z,2016-11-01,triphenyl phosphate,8289,6.129328838492186e-11,2.0431096128307283e-10,6.129328838492186e-11,left
ALN 138x,2016-11-01,triphenyl phosphate,8289,2.774774524558838e-10,NA,NA,none
ALN 125x,2016-11-01,triphenyl phosphate,8289,2.0544686530261e-10,NA,NA,none
ALN 136x,2016-11-01,triphenyl phosphate,8289,4.0810147013590495e-10,NA,NA,none
HOV 122z,2016-11-01,tris(2-chloroethyl) phosphate,8295,1.8530349341263177e-10,NA,NA,none
ALN 138x,2016-11-01,tris(2-chloroethyl) phosphate,8295,6.322507967229821e-11,NA,NA,none
ALN 125x,2016-11-01,tris(2-chloroethyl) phosphate,8295,3.58114086540411e-10,NA,NA,none
HOV 122z,2016-11-01,"1,2,3,4,5,6-hexachlorobenzene",8370,4.705056179775281e-12,1.5683520599250937e-11,4.705056179775281e-12,left
ALN 138x,2016-11-01,"1,2,3,4,5,6-hexachlorobenzene",8370,4.705056179775281e-12,1.5683520599250937e-11,4.705056179775281e-12,left
ALN 125x,2016-11-01,"1,2,3,4,5,6-hexachlorobenzene",8370,4.705056179775281e-12,1.5683520599250937e-11,4.705056179775281e-12,left
ALN 136x,2016-11-01,"1,2,3,4,5,6-hexachlorobenzene",8370,4.705056179775281e-12,1.5683520599250937e-11,4.705056179775281e-12,left
HOV 122z,2016-11-01,"4-(2,4,4-trimethylpentan-2-yl)phenol",8814,1.3540990209383483e-10,NA,NA,none
ALN 138x,2016-11-01,"4-(2,4,4-trimethylpentan-2-yl)phenol",8814,2.3007006930981e-10,NA,NA,none
ALN 125x,2016-11-01,"4-(2,4,4-trimethylpentan-2-yl)phenol",8814,3.373735590345095e-10,NA,NA,none
ALN 136x,2016-11-01,"4-(2,4,4-trimethylpentan-2-yl)phenol",8814,2.08556423516867e-10,NA,NA,none
HOV 122z,2016-11-01,"2,2,3,3,4,4,5,5,6,6,7,7,8,8,8-pentadecafluorooctanoic acid",9554,6.158379018040427e-12,4.02508432551662e-12,1.2075252976549859e-12,none
ALN 138x,2016-11-01,"2,2,3,3,4,4,5,5,6,6,7,7,8,8,8-pentadecafluorooctanoic acid",9554,5.9168739585094306e-12,4.02508432551662e-12,1.2075252976549859e-12,none
ALN 125x,2016-11-01,"2,2,3,3,4,4,5,5,6,6,7,7,8,8,8-pentadecafluorooctanoic acid",9554,1.1688844881300263e-11,4.02508432551662e-12,1.2075252976549859e-12,none
ALN 136x,2016-11-01,"2,2,3,3,4,4,5,5,6,6,7,7,8,8,8-pentadecafluorooctanoic acid",9554,5.095756756104041e-12,4.02508432551662e-12,1.2075252976549859e-12,none
HOV 122z,2016-11-01,"2,2,3,3,4,4,5,5,6,6,7,7,8,8,9,9,10,10,10-nonadecafluorodecanoic acid",9555,1.1865857454092747e-12,3.2420375557630457e-12,9.726112667289138e-13,interval
ALN 138x,2016-11-01,"2,2,3,3,4,4,5,5,6,6,7,7,8,8,9,9,10,10,10-nonadecafluorodecanoic acid",9555,9.726112667289138e-13,3.2420375557630457e-12,9.726112667289138e-13,left
ALN 125x,2016-11-01,"2,2,3,3,4,4,5,5,6,6,7,7,8,8,9,9,10,10,10-nonadecafluorodecanoic acid",9555,9.726112667289138e-13,3.2420375557630457e-12,9.726112667289138e-13,left
ALN 136x,2016-11-01,"2,2,3,3,4,4,5,5,6,6,7,7,8,8,9,9,10,10,10-nonadecafluorodecanoic acid",9555,9.726112667289138e-13,3.2420375557630457e-12,9.726112667289138e-13,left
HOV 122z,2016-11-01,tripropyl phosphate,10546,4.4597065513089243e-13,1.4865688504363082e-12,4.4597065513089243e-13,left
ALN 138x,2016-11-01,tripropyl phosphate,10546,4.4597065513089243e-13,1.4865688504363082e-12,4.4597065513089243e-13,left
ALN 125x,2016-11-01,tripropyl phosphate,10546,4.4597065513089243e-13,1.4865688504363082e-12,4.4597065513089243e-13,left
HOV 122z,2016-11-01,"1,2,3,4,5-pentachlorobenzene",11855,3.4598481821813824e-12,1.1532827273937941e-11,3.4598481821813824e-12,left
ALN 138x,2016-11-01,"1,2,3,4,5-pentachlorobenzene",11855,3.4598481821813824e-12,1.1532827273937941e-11,3.4598481821813824e-12,left
ALN 125x,2016-11-01,"1,2,3,4,5-pentachlorobenzene",11855,3.4598481821813824e-12,1.1532827273937941e-11,3.4598481821813824e-12,left
ALN 136x,2016-11-01,"1,2,3,4,5-pentachlorobenzene",11855,3.4598481821813824e-12,1.1532827273937941e-11,3.4598481821813824e-12,left
HOV 122z,2016-11-01,4-[(4-hydroxyphenyl)methyl]phenol,12111,3.995405283923488e-10,1.3318017613078295e-9,3.995405283923488e-10,left
ALN 138x,2016-11-01,4-[(4-hydroxyphenyl)methyl]phenol,12111,3.995405283923488e-10,1.3318017613078295e-9,3.995405283923488e-10,left
ALN 125x,2016-11-01,4-[(4-hydroxyphenyl)methyl]phenol,12111,3.995405283923488e-10,1.3318017613078295e-9,3.995405283923488e-10,left
ALN 136x,2016-11-01,4-[(4-hydroxyphenyl)methyl]phenol,12111,3.995405283923488e-10,1.3318017613078295e-9,3.995405283923488e-10,left
HOV 122z,2016-11-01,"1-chloro-2-[2,2,2-trichloro-1-(4-chlorophenyl)ethyl]benzene",13089,4.4005641748942173e-13,1.4668547249647393e-12,4.4005641748942173e-13,left
ALN 138x,2016-11-01,"1-chloro-2-[2,2,2-trichloro-1-(4-chlorophenyl)ethyl]benzene",13089,4.4005641748942173e-13,1.4668547249647393e-12,4.4005641748942173e-13,left
ALN 125x,2016-11-01,"1-chloro-2-[2,2,2-trichloro-1-(4-chlorophenyl)ethyl]benzene",13089,4.4005641748942173e-13,1.4668547249647393e-12,4.4005641748942173e-13,left
ALN 136x,2016-11-01,"1-chloro-2-[2,2,2-trichloro-1-(4-chlorophenyl)ethyl]benzene",13089,4.4005641748942173e-13,1.4668547249647393e-12,4.4005641748942173e-13,left
HOV 122z,2016-11-01,"1,2,3,4,5-pentabromo-6-(2,3,4,5,6-pentabromophenoxy)benzene",14410,9.163886572143453e-13,3.0546288573811507e-12,9.163886572143453e-13,left
ALN 138x,2016-11-01,"1,2,3,4,5-pentabromo-6-(2,3,4,5,6-pentabromophenoxy)benzene",14410,1.025854879065888e-12,NA,NA,none
ALN 125x,2016-11-01,"1,2,3,4,5-pentabromo-6-(2,3,4,5,6-pentabromophenoxy)benzene",14410,1.3031693077564637e-12,NA,NA,none
ALN 136x,2016-11-01,"1,2,3,4,5-pentabromo-6-(2,3,4,5,6-pentabromophenoxy)benzene",14410,9.163886572143453e-13,3.0546288573811507e-12,9.163886572143453e-13,left
HOV 122z,2016-11-01,2-ethylhexyl diphenyl phosphate,14716,3.222520940697719e-11,NA,NA,none
ALN 138x,2016-11-01,2-ethylhexyl diphenyl phosphate,14716,2.75431945249751e-11,NA,NA,none
ALN 125x,2016-11-01,2-ethylhexyl diphenyl phosphate,14716,5.862556229000857e-11,NA,NA,none
ALN 136x,2016-11-01,2-ethylhexyl diphenyl phosphate,14716,1.2488496852215808e-10,NA,NA,none
HOV 122z,2016-11-01,"1,2,3,4,5-pentachloro-6-(2,3,4,5,6-pentachlorophenyl)benzene",16318,1.4039310068190934e-14,4.679770022730311e-14,1.4039310068190934e-14,left
ALN 138x,2016-11-01,"1,2,3,4,5-pentachloro-6-(2,3,4,5,6-pentachlorophenyl)benzene",16318,1.4039310068190934e-14,4.679770022730311e-14,1.4039310068190934e-14,left
ALN 125x,2016-11-01,"1,2,3,4,5-pentachloro-6-(2,3,4,5,6-pentachlorophenyl)benzene",16318,1.4039310068190934e-14,4.679770022730311e-14,1.4039310068190934e-14,left
ALN 136x,2016-11-01,"1,2,3,4,5-pentachloro-6-(2,3,4,5,6-pentachlorophenyl)benzene",16318,1.4039310068190934e-14,4.679770022730311e-14,1.4039310068190934e-14,left
HOV 122z,2016-11-01,"2,4-dichloro-1-(2,4-dichlorophenyl)benzene",17097,5.068493150684931e-13,1.6894977168949773e-12,5.068493150684931e-13,left
ALN 138x,2016-11-01,"2,4-dichloro-1-(2,4-dichlorophenyl)benzene",17097,5.068493150684931e-13,1.6894977168949773e-12,5.068493150684931e-13,left
ALN 125x,2016-11-01,"2,4-dichloro-1-(2,4-dichlorophenyl)benzene",17097,5.068493150684931e-13,1.6894977168949773e-12,5.068493150684931e-13,left
ALN 136x,2016-11-01,"2,4-dichloro-1-(2,4-dichlorophenyl)benzene",17097,5.068493150684931e-13,1.6894977168949773e-12,5.068493150684931e-13,left
HOV 122z,2016-11-01,dibutyl phenyl phosphate,17312,2.0368064685142418e-11,NA,NA,none
ALN 138x,2016-11-01,dibutyl phenyl phosphate,17312,4.196152579257672e-12,NA,NA,none
ALN 125x,2016-11-01,dibutyl phenyl phosphate,17312,1.3503750586909576e-11,NA,NA,none
ALN 136x,2016-11-01,dibutyl phenyl phosphate,17312,1.0827564174628368e-11,NA,NA,none
HOV 122z,2016-11-01,butyl diphenyl phosphate,17682,3.2648796891834533e-13,1.0882932297278179e-12,3.2648796891834533e-13,left
ALN 138x,2016-11-01,butyl diphenyl phosphate,17682,3.2648796891834533e-13,1.0882932297278179e-12,3.2648796891834533e-13,left
ALN 125x,2016-11-01,butyl diphenyl phosphate,17682,3.2648796891834533e-13,1.0882932297278179e-12,3.2648796891834533e-13,left
ALN 136x,2016-11-01,butyl diphenyl phosphate,17682,3.2648796891834533e-13,1.0882932297278179e-12,3.2648796891834533e-13,left
HOV 122z,2016-11-01,"2-[ethyl(1,1,2,2,3,3,4,4,5,5,6,6,7,7,8,8,8-heptadecafluorooctylsulfonyl)amino]acetic acid",18134,5.12610211195407e-13,1.7087007039846901e-12,5.12610211195407e-13,left
ALN 138x,2016-11-01,"2-[ethyl(1,1,2,2,3,3,4,4,5,5,6,6,7,7,8,8,8-heptadecafluorooctylsulfonyl)amino]acetic acid",18134,5.12610211195407e-13,1.7087007039846901e-12,5.12610211195407e-13,left
ALN 125x,2016-11-01,"2-[ethyl(1,1,2,2,3,3,4,4,5,5,6,6,7,7,8,8,8-heptadecafluorooctylsulfonyl)amino]acetic acid",18134,5.12610211195407e-13,1.7087007039846901e-12,5.12610211195407e-13,left
ALN 136x,2016-11-01,"2-[ethyl(1,1,2,2,3,3,4,4,5,5,6,6,7,7,8,8,8-heptadecafluorooctylsulfonyl)amino]acetic acid",18134,5.12610211195407e-13,1.7087007039846901e-12,5.12610211195407e-13,left
HOV 122z,2016-11-01,2-ethylhexyl 3-(4-methoxyphenyl)prop-2-enoate,21630,3.443526170798898e-11,1.1478420569329662e-10,3.443526170798898e-11,left
ALN 138x,2016-11-01,2-ethylhexyl 3-(4-methoxyphenyl)prop-2-enoate,21630,3.443526170798898e-11,1.1478420569329662e-10,3.443526170798898e-11,left
ALN 125x,2016-11-01,2-ethylhexyl 3-(4-methoxyphenyl)prop-2-enoate,21630,3.443526170798898e-11,1.1478420569329662e-10,3.443526170798898e-11,left
ALN 136x,2016-11-01,2-ethylhexyl 3-(4-methoxyphenyl)prop-2-enoate,21630,3.443526170798898e-11,1.1478420569329662e-10,3.443526170798898e-11,left
HOV 122z,2016-11-01,"2-ethylhexyl 2-cyano-3,3-diphenylprop-2-enoate",22571,1.7704011065006916e-10,NA,NA,none
ALN 138x,2016-11-01,"2-ethylhexyl 2-cyano-3,3-diphenylprop-2-enoate",22571,1.3831258644536653e-11,4.6104195481788846e-11,1.3831258644536653e-11,left
ALN 125x,2016-11-01,"2-ethylhexyl 2-cyano-3,3-diphenylprop-2-enoate",22571,1.6597510373443984e-11,5.532503457814661e-11,1.6597510373443984e-11,left
ALN 136x,2016-11-01,"2-ethylhexyl 2-cyano-3,3-diphenylprop-2-enoate",22571,1.3831258644536653e-11,4.6104195481788846e-11,1.3831258644536653e-11,left
HOV 122z,2016-11-01,"2,4-dichloro-1-(4-chlorophenyl)benzene",23448,1.1029126213592232e-12,3.676375404530745e-12,1.1029126213592232e-12,left
ALN 138x,2016-11-01,"2,4-dichloro-1-(4-chlorophenyl)benzene",23448,1.1029126213592232e-12,3.676375404530745e-12,1.1029126213592232e-12,left
ALN 125x,2016-11-01,"2,4-dichloro-1-(4-chlorophenyl)benzene",23448,1.1029126213592232e-12,3.676375404530745e-12,1.1029126213592232e-12,left
ALN 136x,2016-11-01,"2,4-dichloro-1-(4-chlorophenyl)benzene",23448,1.1029126213592232e-12,3.676375404530745e-12,1.1029126213592232e-12,left
HOV 122z,2016-11-01,iron,23925,1.437381975998202e-5,NA,NA,none
ALN 138x,2016-11-01,iron,23925,9.073395161242029e-6,NA,NA,none
ALN 125x,2016-11-01,iron,23925,2.2086334450877327e-5,NA,NA,none
ALN 136x,2016-11-01,iron,23925,1.3680309728113358e-5,NA,NA,none
HOV 122z,2016-11-01,mercury,23931,9.970586769031358e-12,3.323528923010452e-11,9.970586769031358e-12,left
ALN 138x,2016-11-01,mercury,23931,1.4387477835425694e-11,NA,NA,none
ALN 125x,2016-11-01,mercury,23931,9.970586769031358e-12,3.323528923010452e-11,9.970586769031358e-12,left
ALN 136x,2016-11-01,mercury,23931,9.970586769031358e-12,3.323528923010452e-11,9.970586769031358e-12,left
HOV 122z,2016-11-01,silver,23954,1.297882597248489e-10,4.3262753241616297e-10,1.297882597248489e-10,left
ALN 138x,2016-11-01,silver,23954,6.489412986242445e-10,2.163137662080815e-9,6.489412986242445e-10,left
ALN 125x,2016-11-01,silver,23954,6.489412986242445e-10,2.163137662080815e-9,6.489412986242445e-10,left
ALN 136x,2016-11-01,silver,23954,1.297882597248489e-10,4.3262753241616297e-10,1.297882597248489e-10,left
HOV 122z,2016-11-01,cadmium,23973,1.5090059534924954e-9,NA,NA,none
ALN 138x,2016-11-01,cadmium,23973,4.969705879263117e-10,NA,NA,none
ALN 125x,2016-11-01,cadmium,23973,1.5022573459349883e-9,NA,NA,none
ALN 136x,2016-11-01,cadmium,23973,2.265715040161605e-9,NA,NA,none
HOV 122z,2016-11-01,chromium,23976,1.0542309145329139e-7,NA,NA,none
ALN 138x,2016-11-01,chromium,23976,4.181895580194053e-8,NA,NA,none
ALN 125x,2016-11-01,chromium,23976,2.35576058987249e-7,NA,NA,none
ALN 136x,2016-11-01,chromium,23976,2.61404245706494e-8,NA,NA,none
HOV 122z,2016-11-01,copper,23978,2.3380104805969666e-6,NA,NA,none
ALN 138x,2016-11-01,copper,23978,2.441970791039953e-7,NA,NA,none
ALN 125x,2016-11-01,copper,23978,3.902849295654808e-7,NA,NA,none
ALN 136x,2016-11-01,copper,23978,1.4476205773078554e-7,NA,NA,none
HOV 122z,2016-11-01,zinc,23994,3.6413590338026297e-6,NA,NA,none
ALN 138x,2016-11-01,zinc,23994,6.197338969621773e-7,NA,NA,none
ALN 125x,2016-11-01,zinc,23994,1.928537998011651e-6,NA,NA,none
ALN 136x,2016-11-01,zinc,23994,7.473459688561284e-7,NA,NA,none
HOV 122z,2016-11-01,tris(1-chloropropan-2-yl) phosphate,26176,3.49704676294396e-9,NA,NA,none
ALN 138x,2016-11-01,tris(1-chloropropan-2-yl) phosphate,26176,1.646440752336877e-9,NA,NA,none
ALN 125x,2016-11-01,tris(1-chloropropan-2-yl) phosphate,26176,1.8090140877387305e-9,NA,NA,none
ALN 136x,2016-11-01,tris(1-chloropropan-2-yl) phosphate,26176,2.3925076450405232e-8,NA,NA,none
HOV 122z,2016-11-01,"tris(1,3-dichloropropan-2-yl) phosphate",26177,4.5198645615984906e-10,NA,NA,none
ALN 138x,2016-11-01,"tris(1,3-dichloropropan-2-yl) phosphate",26177,7.154872081135223e-11,NA,NA,none
ALN 125x,2016-11-01,"tris(1,3-dichloropropan-2-yl) phosphate",26177,9.832078050399593e-11,NA,NA,none
ALN 136x,2016-11-01,"tris(1,3-dichloropropan-2-yl) phosphate",26177,4.927274208191674e-10,NA,NA,none
HOV 122z,2016-11-01,"2,3,4-trichlorophenol",27582,5.065856129685917e-13,1.6886187098953058e-12,5.065856129685917e-13,left
ALN 138x,2016-11-01,"2,3,4-trichlorophenol",27582,5.065856129685917e-13,1.6886187098953058e-12,5.065856129685917e-13,left
ALN 125x,2016-11-01,"2,3,4-trichlorophenol",27582,1.0499685313542895e-11,NA,NA,none
ALN 136x,2016-11-01,"2,3,4-trichlorophenol",27582,1.1411775306048226e-11,NA,NA,none
HOV 122z,2016-11-01,"1,4-dichloro-2-(4-chlorophenyl)benzene",27960,9.16504854368932e-13,3.0550161812297733e-12,9.16504854368932e-13,left
ALN 138x,2016-11-01,"1,4-dichloro-2-(4-chlorophenyl)benzene",27960,9.16504854368932e-13,3.0550161812297733e-12,9.16504854368932e-13,left
ALN 125x,2016-11-01,"1,4-dichloro-2-(4-chlorophenyl)benzene",27960,9.16504854368932e-13,3.0550161812297733e-12,9.16504854368932e-13,left
ALN 136x,2016-11-01,"1,4-dichloro-2-(4-chlorophenyl)benzene",27960,9.16504854368932e-13,3.0550161812297733e-12,9.16504854368932e-13,left
HOV 122z,2016-11-01,tris(2-methylpropyl) phosphate,31355,3.1748806564816293e-10,NA,NA,none
ALN 138x,2016-11-01,tris(2-methylpropyl) phosphate,31355,5.5620891211583916e-11,NA,NA,none
ALN 125x,2016-11-01,tris(2-methylpropyl) phosphate,31355,6.277459998679396e-11,NA,NA,none
ALN 136x,2016-11-01,tris(2-methylpropyl) phosphate,31355,2.768532712954779e-9,NA,NA,none
HOV 122z,2016-11-01,tributyl phosphate,31357,9.437383735128345e-11,NA,NA,none
ALN 138x,2016-11-01,tributyl phosphate,31357,1.9939365793236105e-11,NA,NA,none
ALN 125x,2016-11-01,tributyl phosphate,31357,6.040845304613635e-11,NA,NA,none
ALN 136x,2016-11-01,tributyl phosphate,31357,7.242233268392752e-10,NA,NA,none
HOV 122z,2016-11-01,"1,2,4-trichloro-5-(3,4-dichlorophenyl)benzene",35823,6.770833333333334e-13,NA,NA,none
ALN 138x,2016-11-01,"1,2,4-trichloro-5-(3,4-dichlorophenyl)benzene",35823,4.25857843137255e-13,1.41952614379085e-12,4.25857843137255e-13,left
ALN 125x,2016-11-01,"1,2,4-trichloro-5-(3,4-dichlorophenyl)benzene",35823,4.748774509803922e-13,NA,NA,none
ALN 136x,2016-11-01,"1,2,4-trichloro-5-(3,4-dichlorophenyl)benzene",35823,7.506127450980392e-13,NA,NA,none
HOV 122z,2016-11-01,"1,2,4-tribromo-5-(2,4-dibromophenoxy)benzene",36159,3.8427483619621033e-13,1.2809161206540346e-12,3.8427483619621033e-13,left
ALN 138x,2016-11-01,"1,2,4-tribromo-5-(2,4-dibromophenoxy)benzene",36159,3.8427483619621033e-13,1.2809161206540346e-12,3.8427483619621033e-13,left
ALN 125x,2016-11-01,"1,2,4-tribromo-5-(2,4-dibromophenoxy)benzene",36159,3.8427483619621033e-13,1.2809161206540346e-12,3.8427483619621033e-13,left
ALN 136x,2016-11-01,"1,2,4-tribromo-5-(2,4-dibromophenoxy)benzene",36159,3.8427483619621033e-13,1.2809161206540346e-12,3.8427483619621033e-13,left
HOV 122z,2016-11-01,"1,2-dichloro-4-(2,4-dichlorophenyl)benzene",36185,6.678082191780822e-13,2.226027397260274e-12,6.678082191780822e-13,left
ALN 138x,2016-11-01,"1,2-dichloro-4-(2,4-dichlorophenyl)benzene",36185,6.678082191780822e-13,2.226027397260274e-12,6.678082191780822e-13,left
ALN 125x,2016-11-01,"1,2-dichloro-4-(2,4-dichlorophenyl)benzene",36185,6.678082191780822e-13,2.226027397260274e-12,6.678082191780822e-13,left
ALN 136x,2016-11-01,"1,2-dichloro-4-(2,4-dichlorophenyl)benzene",36185,8.835616438356164e-13,NA,NA,none
HOV 122z,2016-11-01,"1,2,3-trichloro-4-(3,4-dichlorophenyl)benzene",36188,1.8995098039215688e-13,6.331699346405229e-13,1.8995098039215688e-13,left
ALN 138x,2016-11-01,"1,2,3-trichloro-4-(3,4-dichlorophenyl)benzene",36188,1.8995098039215688e-13,6.331699346405229e-13,1.8995098039215688e-13,left
ALN 125x,2016-11-01,"1,2,3-trichloro-4-(3,4-dichlorophenyl)benzene",36188,1.8995098039215688e-13,6.331699346405229e-13,1.8995098039215688e-13,left
ALN 136x,2016-11-01,"1,2,3-trichloro-4-(3,4-dichlorophenyl)benzene",36188,1.8995098039215688e-13,6.331699346405229e-13,1.8995098039215688e-13,left
HOV 122z,2016-11-01,"1,2,4-trichloro-5-(4-chlorophenyl)benzene",36218,3.767123287671233e-13,NA,NA,none
ALN 138x,2016-11-01,"1,2,4-trichloro-5-(4-chlorophenyl)benzene",36218,3.561643835616438e-13,1.187214611872146e-12,3.561643835616438e-13,left
ALN 125x,2016-11-01,"1,2,4-trichloro-5-(4-chlorophenyl)benzene",36218,3.561643835616438e-13,1.187214611872146e-12,3.561643835616438e-13,left
ALN 136x,2016-11-01,"1,2,4-trichloro-5-(4-chlorophenyl)benzene",36218,5.445205479452055e-13,NA,NA,none
HOV 122z,2016-11-01,"1,2,4-trichloro-5-(2,4,5-trichlorophenyl)benzene",37034,5.236907730673317e-13,1.745635910224439e-12,5.236907730673317e-13,left
ALN 138x,2016-11-01,"1,2,4-trichloro-5-(2,4,5-trichlorophenyl)benzene",37034,5.236907730673317e-13,1.745635910224439e-12,5.236907730673317e-13,left
ALN 125x,2016-11-01,"1,2,4-trichloro-5-(2,4,5-trichlorophenyl)benzene",37034,5.236907730673317e-13,1.745635910224439e-12,5.236907730673317e-13,left
ALN 136x,2016-11-01,"1,2,4-trichloro-5-(2,4,5-trichlorophenyl)benzene",37034,5.236907730673317e-13,1.745635910224439e-12,5.236907730673317e-13,left
HOV 122z,2016-11-01,"1,2,3-trichloro-4-(2,4,5-trichlorophenyl)benzene",37035,3.43585480742588e-13,1.1452849358086266e-12,3.43585480742588e-13,left
ALN 138x,2016-11-01,"1,2,3-trichloro-4-(2,4,5-trichlorophenyl)benzene",37035,3.43585480742588e-13,1.1452849358086266e-12,3.43585480742588e-13,left
ALN 125x,2016-11-01,"1,2,3-trichloro-4-(2,4,5-trichlorophenyl)benzene",37035,3.43585480742588e-13,1.1452849358086266e-12,3.43585480742588e-13,left
ALN 136x,2016-11-01,"1,2,3-trichloro-4-(2,4,5-trichlorophenyl)benzene",37035,3.43585480742588e-13,1.1452849358086266e-12,3.43585480742588e-13,left
HOV 122z,2016-11-01,"1,2,3,4-tetrachloro-5-(2,4,5-trichlorophenyl)benzene",37036,4.174045029091829e-13,1.3913483430306097e-12,4.174045029091829e-13,left
ALN 138x,2016-11-01,"1,2,3,4-tetrachloro-5-(2,4,5-trichlorophenyl)benzene",37036,4.174045029091829e-13,1.3913483430306097e-12,4.174045029091829e-13,left
ALN 125x,2016-11-01,"1,2,3,4-tetrachloro-5-(2,4,5-trichlorophenyl)benzene",37036,4.174045029091829e-13,1.3913483430306097e-12,4.174045029091829e-13,left
ALN 136x,2016-11-01,"1,2,3,4-tetrachloro-5-(2,4,5-trichlorophenyl)benzene",37036,4.174045029091829e-13,1.3913483430306097e-12,4.174045029091829e-13,left
HOV 122z,2016-11-01,"1,2,3,4-tetrachloro-5-(2,3,4-trichlorophenyl)benzene",37037,1.0624841892233747e-13,3.5416139640779156e-13,1.0624841892233747e-13,left
ALN 138x,2016-11-01,"1,2,3,4-tetrachloro-5-(2,3,4-trichlorophenyl)benzene",37037,1.0624841892233747e-13,3.5416139640779156e-13,1.0624841892233747e-13,left
ALN 125x,2016-11-01,"1,2,3,4-tetrachloro-5-(2,3,4-trichlorophenyl)benzene",37037,1.0624841892233747e-13,3.5416139640779156e-13,1.0624841892233747e-13,left
ALN 136x,2016-11-01,"1,2,3,4-tetrachloro-5-(2,3,4-trichlorophenyl)benzene",37037,1.0624841892233747e-13,3.5416139640779156e-13,1.0624841892233747e-13,left
HOV 122z,2016-11-01,"1,4-dichloro-2-(2,5-dichlorophenyl)benzene",37248,1.5924657534246577e-12,5.308219178082192e-12,1.5924657534246577e-12,left
ALN 138x,2016-11-01,"1,4-dichloro-2-(2,5-dichlorophenyl)benzene",37248,1.5924657534246577e-12,5.308219178082192e-12,1.5924657534246577e-12,left
ALN 125x,2016-11-01,"1,4-dichloro-2-(2,5-dichlorophenyl)benzene",37248,1.5924657534246577e-12,5.308219178082192e-12,1.5924657534246577e-12,left
ALN 136x,2016-11-01,"1,4-dichloro-2-(2,5-dichlorophenyl)benzene",37248,1.5924657534246577e-12,5.308219178082192e-12,1.5924657534246577e-12,left
HOV 122z,2016-11-01,"1,2,3,4-tetrachloro-5-(2,3,4,5-tetrachlorophenyl)benzene",37251,1.0935318752908329e-13,3.645106250969443e-13,1.0935318752908329e-13,left
ALN 138x,2016-11-01,"1,2,3,4-tetrachloro-5-(2,3,4,5-tetrachlorophenyl)benzene",37251,1.0935318752908329e-13,3.645106250969443e-13,1.0935318752908329e-13,left
ALN 125x,2016-11-01,"1,2,3,4-tetrachloro-5-(2,3,4,5-tetrachlorophenyl)benzene",37251,1.0935318752908329e-13,3.645106250969443e-13,1.0935318752908329e-13,left
ALN 136x,2016-11-01,"1,2,3,4-tetrachloro-5-(2,3,4,5-tetrachlorophenyl)benzene",37251,1.0935318752908329e-13,3.645106250969443e-13,1.0935318752908329e-13,left
HOV 122z,2016-11-01,"1,4-dichloro-2-(2-chlorophenyl)benzene",37803,4.699029126213592e-13,1.5663430420711975e-12,4.699029126213592e-13,left
ALN 138x,2016-11-01,"1,4-dichloro-2-(2-chlorophenyl)benzene",37803,4.699029126213592e-13,1.5663430420711975e-12,4.699029126213592e-13,left
ALN 125x,2016-11-01,"1,4-dichloro-2-(2-chlorophenyl)benzene",37803,4.699029126213592e-13,1.5663430420711975e-12,4.699029126213592e-13,left
ALN 136x,2016-11-01,"1,4-dichloro-2-(2-chlorophenyl)benzene",37803,4.699029126213592e-13,1.5663430420711975e-12,4.699029126213592e-13,left
HOV 122z,2016-11-01,"1,2,4-trichloro-5-(2,5-dichlorophenyl)benzene",37807,1.6819852941176473e-12,NA,NA,none
ALN 138x,2016-11-01,"1,2,4-trichloro-5-(2,5-dichlorophenyl)benzene",37807,1.0263480392156865e-12,3.4211601307189547e-12,1.0263480392156865e-12,left
ALN 125x,2016-11-01,"1,2,4-trichloro-5-(2,5-dichlorophenyl)benzene",37807,1.0263480392156865e-12,3.4211601307189547e-12,1.0263480392156865e-12,left
ALN 136x,2016-11-01,"1,2,4-trichloro-5-(2,5-dichlorophenyl)benzene",37807,2.306985294117647e-12,NA,NA,none
HOV 122z,2016-11-01,"1,2,4-trichloro-5-(2,4-dichlorophenyl)benzene",38013,5.330882352941177e-13,NA,NA,none
ALN 138x,2016-11-01,"1,2,4-trichloro-5-(2,4-dichlorophenyl)benzene",38013,3.2475490196078434e-13,1.0825163398692812e-12,3.2475490196078434e-13,left
ALN 125x,2016-11-01,"1,2,4-trichloro-5-(2,4-dichlorophenyl)benzene",38013,3.2475490196078434e-13,1.0825163398692812e-12,3.2475490196078434e-13,left
ALN 136x,2016-11-01,"1,2,4-trichloro-5-(2,4-dichlorophenyl)benzene",38013,7.291666666666668e-13,NA,NA,none
HOV 122z,2016-11-01,"1,2,4-trichloro-3-(2,4,5-trichlorophenyl)benzene",38016,6.095871432529787e-13,2.0319571441765957e-12,6.095871432529787e-13,left
ALN 138x,2016-11-01,"1,2,4-trichloro-3-(2,4,5-trichlorophenyl)benzene",38016,6.095871432529787e-13,2.0319571441765957e-12,6.095871432529787e-13,left
ALN 125x,2016-11-01,"1,2,4-trichloro-3-(2,4,5-trichlorophenyl)benzene",38016,6.095871432529787e-13,2.0319571441765957e-12,6.095871432529787e-13,left
ALN 136x,2016-11-01,"1,2,4-trichloro-3-(2,4,5-trichlorophenyl)benzene",38016,6.095871432529787e-13,2.0319571441765957e-12,6.095871432529787e-13,left
HOV 122z,2016-11-01,"1,2,3-trichloro-4-(2,3,4-trichlorophenyl)benzene",38018,7.204211692989747e-14,2.4014038976632493e-13,7.204211692989747e-14,left
ALN 138x,2016-11-01,"1,2,3-trichloro-4-(2,3,4-trichlorophenyl)benzene",38018,7.204211692989747e-14,2.4014038976632493e-13,7.204211692989747e-14,left
ALN 125x,2016-11-01,"1,2,3-trichloro-4-(2,3,4-trichlorophenyl)benzene",38018,7.204211692989747e-14,2.4014038976632493e-13,7.204211692989747e-14,left
ALN 136x,2016-11-01,"1,2,3-trichloro-4-(2,3,4-trichlorophenyl)benzene",38018,7.204211692989747e-14,2.4014038976632493e-13,7.204211692989747e-14,left
HOV 122z,2016-11-01,"1,2,3,4-tetrachloro-5-(3,4-dichlorophenyl)benzene",38019,3.0479357162648934e-14,1.0159785720882979e-13,3.0479357162648934e-14,left
ALN 138x,2016-11-01,"1,2,3,4-tetrachloro-5-(3,4-dichlorophenyl)benzene",38019,3.0479357162648934e-14,1.0159785720882979e-13,3.0479357162648934e-14,left
ALN 125x,2016-11-01,"1,2,3,4-tetrachloro-5-(3,4-dichlorophenyl)benzene",38019,3.0479357162648934e-14,1.0159785720882979e-13,3.0479357162648934e-14,left
ALN 136x,2016-11-01,"1,2,3,4-tetrachloro-5-(3,4-dichlorophenyl)benzene",38019,3.0479357162648934e-14,1.0159785720882979e-13,3.0479357162648934e-14,left
HOV 122z,2016-11-01,"1,2-dichloro-4-(2-chlorophenyl)benzene",38036,5.359223300970875e-13,1.7864077669902916e-12,5.359223300970875e-13,left
ALN 138x,2016-11-01,"1,2-dichloro-4-(2-chlorophenyl)benzene",38036,5.359223300970875e-13,1.7864077669902916e-12,5.359223300970875e-13,left
ALN 125x,2016-11-01,"1,2-dichloro-4-(2-chlorophenyl)benzene",38036,5.359223300970875e-13,1.7864077669902916e-12,5.359223300970875e-13,left
ALN 136x,2016-11-01,"1,2-dichloro-4-(2-chlorophenyl)benzene",38036,5.359223300970875e-13,1.7864077669902916e-12,5.359223300970875e-13,left
HOV 122z,2016-11-01,"1,2-dichloro-4-(4-chlorophenyl)benzene",38039,4.737864077669903e-13,1.5792880258899677e-12,4.737864077669903e-13,left
ALN 138x,2016-11-01,"1,2-dichloro-4-(4-chlorophenyl)benzene",38039,4.737864077669903e-13,1.5792880258899677e-12,4.737864077669903e-13,left
ALN 125x,2016-11-01,"1,2-dichloro-4-(4-chlorophenyl)benzene",38039,4.737864077669903e-13,1.5792880258899677e-12,4.737864077669903e-13,left
ALN 136x,2016-11-01,"1,2-dichloro-4-(4-chlorophenyl)benzene",38039,4.737864077669903e-13,1.5792880258899677e-12,4.737864077669903e-13,left
HOV 122z,2016-11-01,"1,2,3,4-tetrachloro-5-(3,4,5-trichlorophenyl)benzene",38306,7.589172780166962e-15,2.5297242600556543e-14,7.589172780166962e-15,left
ALN 138x,2016-11-01,"1,2,3,4-tetrachloro-5-(3,4,5-trichlorophenyl)benzene",38306,7.589172780166962e-15,2.5297242600556543e-14,7.589172780166962e-15,left
ALN 125x,2016-11-01,"1,2,3,4-tetrachloro-5-(3,4,5-trichlorophenyl)benzene",38306,7.589172780166962e-15,2.5297242600556543e-14,7.589172780166962e-15,left
ALN 136x,2016-11-01,"1,2,3,4-tetrachloro-5-(3,4,5-trichlorophenyl)benzene",38306,7.589172780166962e-15,2.5297242600556543e-14,7.589172780166962e-15,left
HOV 122z,2016-11-01,"1,2,3,4,5-pentachloro-6-(2,3,4,5-tetrachlorophenyl)benzene",38411,3.2313657906074965e-14,1.077121930202499e-13,3.2313657906074965e-14,left
ALN 138x,2016-11-01,"1,2,3,4,5-pentachloro-6-(2,3,4,5-tetrachlorophenyl)benzene",38411,3.2313657906074965e-14,1.077121930202499e-13,3.2313657906074965e-14,left
ALN 125x,2016-11-01,"1,2,3,4,5-pentachloro-6-(2,3,4,5-tetrachlorophenyl)benzene",38411,3.2313657906074965e-14,1.077121930202499e-13,3.2313657906074965e-14,left
ALN 136x,2016-11-01,"1,2,3,4,5-pentachloro-6-(2,3,4,5-tetrachlorophenyl)benzene",38411,3.2313657906074965e-14,1.077121930202499e-13,3.2313657906074965e-14,left
HOV 122z,2016-11-01,"1,2,3,4-tetrachloro-5-(2,5-dichlorophenyl)benzene",40234,1.025214740925464e-13,3.4173824697515475e-13,1.025214740925464e-13,left
ALN 138x,2016-11-01,"1,2,3,4-tetrachloro-5-(2,5-dichlorophenyl)benzene",40234,1.025214740925464e-13,3.4173824697515475e-13,1.025214740925464e-13,left
ALN 125x,2016-11-01,"1,2,3,4-tetrachloro-5-(2,5-dichlorophenyl)benzene",40234,1.025214740925464e-13,3.4173824697515475e-13,1.025214740925464e-13,left
ALN 136x,2016-11-01,"1,2,3,4-tetrachloro-5-(2,5-dichlorophenyl)benzene",40234,1.025214740925464e-13,3.4173824697515475e-13,1.025214740925464e-13,left
HOV 122z,2016-11-01,"1,2,4,5-tetrachloro-3-(2,4,5-trichlorophenyl)benzene",40475,2.7068049582595494e-13,9.022683194198499e-13,2.7068049582595494e-13,left
ALN 138x,2016-11-01,"1,2,4,5-tetrachloro-3-(2,4,5-trichlorophenyl)benzene",40475,2.7068049582595494e-13,9.022683194198499e-13,2.7068049582595494e-13,left
ALN 125x,2016-11-01,"1,2,4,5-tetrachloro-3-(2,4,5-trichlorophenyl)benzene",40475,2.7068049582595494e-13,9.022683194198499e-13,2.7068049582595494e-13,left
ALN 136x,2016-11-01,"1,2,4,5-tetrachloro-3-(2,4,5-trichlorophenyl)benzene",40475,2.7068049582595494e-13,9.022683194198499e-13,2.7068049582595494e-13,left
HOV 122z,2016-11-01,"1,2,3,5-tetrachloro-4-(2,4,5-trichlorophenyl)benzene",40476,9.107007336200354e-14,3.0356691120667845e-13,9.107007336200354e-14,left
ALN 138x,2016-11-01,"1,2,3,5-tetrachloro-4-(2,4,5-trichlorophenyl)benzene",40476,9.107007336200354e-14,3.0356691120667845e-13,9.107007336200354e-14,left
ALN 125x,2016-11-01,"1,2,3,5-tetrachloro-4-(2,4,5-trichlorophenyl)benzene",40476,9.107007336200354e-14,3.0356691120667845e-13,9.107007336200354e-14,left
ALN 136x,2016-11-01,"1,2,3,5-tetrachloro-4-(2,4,5-trichlorophenyl)benzene",40476,9.107007336200354e-14,3.0356691120667845e-13,9.107007336200354e-14,left
HOV 122z,2016-11-01,"1,2,3-trichloro-5-(2,4,5-trichlorophenyl)benzene",40479,1.1083402604599613e-14,3.694467534866538e-14,1.1083402604599613e-14,left
ALN 138x,2016-11-01,"1,2,3-trichloro-5-(2,4,5-trichlorophenyl)benzene",40479,1.1083402604599613e-14,3.694467534866538e-14,1.1083402604599613e-14,left
ALN 125x,2016-11-01,"1,2,3-trichloro-5-(2,4,5-trichlorophenyl)benzene",40479,1.1083402604599613e-14,3.694467534866538e-14,1.1083402604599613e-14,left
ALN 136x,2016-11-01,"1,2,3-trichloro-5-(2,4,5-trichlorophenyl)benzene",40479,1.1083402604599613e-14,3.694467534866538e-14,1.1083402604599613e-14,left
HOV 122z,2016-11-01,"1,2,3,4,5-pentabromo-6-(2,3,4,5-tetrabromophenoxy)benzene",45472,1.419970464614336e-13,4.733234882047787e-13,1.419970464614336e-13,left
ALN 138x,2016-11-01,"1,2,3,4,5-pentabromo-6-(2,3,4,5-tetrabromophenoxy)benzene",45472,1.419970464614336e-13,4.733234882047787e-13,1.419970464614336e-13,left
ALN 125x,2016-11-01,"1,2,3,4,5-pentabromo-6-(2,3,4,5-tetrabromophenoxy)benzene",45472,1.419970464614336e-13,4.733234882047787e-13,1.419970464614336e-13,left
ALN 136x,2016-11-01,"1,2,3,4,5-pentabromo-6-(2,3,4,5-tetrabromophenoxy)benzene",45472,1.419970464614336e-13,4.733234882047787e-13,1.419970464614336e-13,left
HOV 122z,2016-11-01,"1,2,3-trichloro-5-(2,4-dichlorophenyl)benzene",47650,1.838235294117647e-14,6.127450980392158e-14,1.838235294117647e-14,left
ALN 138x,2016-11-01,"1,2,3-trichloro-5-(2,4-dichlorophenyl)benzene",47650,1.838235294117647e-14,6.127450980392158e-14,1.838235294117647e-14,left
ALN 125x,2016-11-01,"1,2,3-trichloro-5-(2,4-dichlorophenyl)benzene",47650,1.838235294117647e-14,6.127450980392158e-14,1.838235294117647e-14,left
ALN 136x,2016-11-01,"1,2,3-trichloro-5-(2,4-dichlorophenyl)benzene",47650,1.838235294117647e-14,6.127450980392158e-14,1.838235294117647e-14,left
HOV 122z,2016-11-01,"1,2,3-trichloro-4-(3,4,5-trichlorophenyl)benzene",50891,1.1083402604599613e-14,3.694467534866538e-14,1.1083402604599613e-14,left
ALN 138x,2016-11-01,"1,2,3-trichloro-4-(3,4,5-trichlorophenyl)benzene",50891,1.1083402604599613e-14,3.694467534866538e-14,1.1083402604599613e-14,left
ALN 125x,2016-11-01,"1,2,3-trichloro-4-(3,4,5-trichlorophenyl)benzene",50891,1.1083402604599613e-14,3.694467534866538e-14,1.1083402604599613e-14,left
ALN 136x,2016-11-01,"1,2,3-trichloro-4-(3,4,5-trichlorophenyl)benzene",50891,1.1083402604599613e-14,3.694467534866538e-14,1.1083402604599613e-14,left
HOV 122z,2016-11-01,"1,2,3,4-tetrachloro-5-(4-chlorophenyl)benzene",53036,1.5318627450980394e-14,5.106209150326798e-14,1.5318627450980394e-14,left
ALN 138x,2016-11-01,"1,2,3,4-tetrachloro-5-(4-chlorophenyl)benzene",53036,1.5318627450980394e-14,5.106209150326798e-14,1.5318627450980394e-14,left
ALN 125x,2016-11-01,"1,2,3,4-tetrachloro-5-(4-chlorophenyl)benzene",53036,1.5318627450980394e-14,5.106209150326798e-14,1.5318627450980394e-14,left
ALN 136x,2016-11-01,"1,2,3,4-tetrachloro-5-(4-chlorophenyl)benzene",53036,1.5318627450980394e-14,5.106209150326798e-14,1.5318627450980394e-14,left
HOV 122z,2016-11-01,4-[2-(4-hydroxyphenyl)butan-2-yl]phenol,66166,7.428500680945896e-12,2.4761668936486317e-11,7.428500680945896e-12,left
ALN 138x,2016-11-01,4-[2-(4-hydroxyphenyl)butan-2-yl]phenol,66166,7.428500680945896e-12,2.4761668936486317e-11,7.428500680945896e-12,left
ALN 125x,2016-11-01,4-[2-(4-hydroxyphenyl)butan-2-yl]phenol,66166,7.428500680945896e-12,2.4761668936486317e-11,7.428500680945896e-12,left
ALN 136x,2016-11-01,4-[2-(4-hydroxyphenyl)butan-2-yl]phenol,66166,7.428500680945896e-12,2.4761668936486317e-11,7.428500680945896e-12,left
HOV 122z,2016-11-01,"2,2,3,3,4,4,5,5,6,6,6-undecafluorohexanoic acid",67542,1.4265244387836333e-11,5.307010560951016e-12,1.592103168285305e-12,none
ALN 138x,2016-11-01,"2,2,3,3,4,4,5,5,6,6,6-undecafluorohexanoic acid",67542,1.6016557872950167e-11,5.307010560951016e-12,1.592103168285305e-12,none
ALN 125x,2016-11-01,"2,2,3,3,4,4,5,5,6,6,6-undecafluorohexanoic acid",67542,2.3308390383696864e-11,5.307010560951016e-12,1.592103168285305e-12,none
ALN 136x,2016-11-01,"2,2,3,3,4,4,5,5,6,6,6-undecafluorohexanoic acid",67542,1.5379716605636044e-11,5.307010560951016e-12,1.592103168285305e-12,none
HOV 122z,2016-11-01,"2,2,3,3,4,4,5,5,6,6,7,7,8,8,9,9,10,10,11,11,12,12,12-tricosafluorododecanoic acid",67545,6.513597134017261e-13,2.1711990446724206e-12,6.513597134017261e-13,left
ALN 138x,2016-11-01,"2,2,3,3,4,4,5,5,6,6,7,7,8,8,9,9,10,10,11,11,12,12,12-tricosafluorododecanoic acid",67545,6.513597134017261e-13,2.1711990446724206e-12,6.513597134017261e-13,left
ALN 125x,2016-11-01,"2,2,3,3,4,4,5,5,6,6,7,7,8,8,9,9,10,10,11,11,12,12,12-tricosafluorododecanoic acid",67545,6.513597134017261e-13,2.1711990446724206e-12,6.513597134017261e-13,left
ALN 136x,2016-11-01,"2,2,3,3,4,4,5,5,6,6,7,7,8,8,9,9,10,10,11,11,12,12,12-tricosafluorododecanoic acid",67545,6.513597134017261e-13,2.1711990446724206e-12,6.513597134017261e-13,left
HOV 122z,2016-11-01,"1,1,2,2,3,3,4,4,5,5,6,6,7,7,8,8,9,9,10,10,10-henicosafluorodecane-1-sulfonic acid",67636,3.3325002082812633e-13,1.1108334027604212e-12,3.3325002082812633e-13,left
ALN 138x,2016-11-01,"1,1,2,2,3,3,4,4,5,5,6,6,7,7,8,8,9,9,10,10,10-henicosafluorodecane-1-sulfonic acid",67636,3.3325002082812633e-13,1.1108334027604212e-12,3.3325002082812633e-13,left
ALN 125x,2016-11-01,"1,1,2,2,3,3,4,4,5,5,6,6,7,7,8,8,9,9,10,10,10-henicosafluorodecane-1-sulfonic acid",67636,3.3325002082812633e-13,1.1108334027604212e-12,3.3325002082812633e-13,left
ALN 136x,2016-11-01,"1,1,2,2,3,3,4,4,5,5,6,6,7,7,8,8,9,9,10,10,10-henicosafluorodecane-1-sulfonic acid",67636,3.3325002082812633e-13,1.1108334027604212e-12,3.3325002082812633e-13,left
HOV 122z,2016-11-01,"1,1,2,2,3,3,4,4,5,5,6,6,6-tridecafluorohexane-1-sulfonic acid",67734,2.49925022493252e-13,8.330834083108402e-13,2.49925022493252e-13,left
ALN 138x,2016-11-01,"1,1,2,2,3,3,4,4,5,5,6,6,6-tridecafluorohexane-1-sulfonic acid",67734,2.999100269919024e-13,8.330834083108402e-13,2.49925022493252e-13,interval
ALN 125x,2016-11-01,"1,1,2,2,3,3,4,4,5,5,6,6,6-tridecafluorohexane-1-sulfonic acid",67734,5.5483354993501955e-12,8.330834083108402e-13,2.49925022493252e-13,none
ALN 136x,2016-11-01,"1,1,2,2,3,3,4,4,5,5,6,6,6-tridecafluorohexane-1-sulfonic acid",67734,8.497450764770569e-13,8.330834083108402e-13,2.49925022493252e-13,none
HOV 122z,2016-11-01,"1,1,2,2,3,3,4,4,4-nonafluorobutane-1-sulfonic acid",67815,2.4658447184271908e-12,1.1107408641563923e-12,3.332222592469177e-13,none
ALN 138x,2016-11-01,"1,1,2,2,3,3,4,4,4-nonafluorobutane-1-sulfonic acid",67815,1.1029656781072975e-11,1.1107408641563923e-12,3.332222592469177e-13,none
ALN 125x,2016-11-01,"1,1,2,2,3,3,4,4,4-nonafluorobutane-1-sulfonic acid",67815,1.3895368210596468e-11,1.1107408641563923e-12,3.332222592469177e-13,none
ALN 136x,2016-11-01,"1,1,2,2,3,3,4,4,4-nonafluorobutane-1-sulfonic acid",67815,1.899366877707431e-12,1.1107408641563923e-12,3.332222592469177e-13,none
HOV 122z,2016-11-01,"2,2,3,3,4,4,5,5,6,6,7,7,7-tridecafluoroheptanoic acid",67818,3.7356479701148165e-12,4.577999963376e-12,1.3733999890128002e-12,interval
ALN 138x,2016-11-01,"2,2,3,3,4,4,5,5,6,6,7,7,7-tridecafluoroheptanoic acid",67818,8.405207932758337e-12,4.577999963376e-12,1.3733999890128002e-12,none
ALN 125x,2016-11-01,"2,2,3,3,4,4,5,5,6,6,7,7,7-tridecafluoroheptanoic acid",67818,1.1426687908586499e-11,4.577999963376e-12,1.3733999890128002e-12,none
ALN 136x,2016-11-01,"2,2,3,3,4,4,5,5,6,6,7,7,7-tridecafluoroheptanoic acid",67818,8.020655935834752e-12,4.577999963376e-12,1.3733999890128002e-12,none
HOV 122z,2016-11-01,"1,1,2,2,3,3,4,4,5,5,6,6,7,7,7-pentadecafluoroheptane-1-sulfonic acid",67820,4.4432595752243847e-13,1.481086525074795e-12,4.4432595752243847e-13,left
ALN 138x,2016-11-01,"1,1,2,2,3,3,4,4,5,5,6,6,7,7,7-pentadecafluoroheptane-1-sulfonic acid",67820,4.4432595752243847e-13,1.481086525074795e-12,4.4432595752243847e-13,left
ALN 125x,2016-11-01,"1,1,2,2,3,3,4,4,5,5,6,6,7,7,7-pentadecafluoroheptane-1-sulfonic acid",67820,4.4432595752243847e-13,1.481086525074795e-12,4.4432595752243847e-13,left
ALN 136x,2016-11-01,"1,1,2,2,3,3,4,4,5,5,6,6,7,7,7-pentadecafluoroheptane-1-sulfonic acid",67820,4.4432595752243847e-13,1.481086525074795e-12,4.4432595752243847e-13,left
HOV 122z,2016-11-01,"2,2,3,3,4,4,5,5,6,6,7,7,8,8,9,9,9-heptadecafluorononanoic acid",67821,1.917772797793484e-12,3.591334827328622e-12,1.0774004481985865e-12,interval
ALN 138x,2016-11-01,"2,2,3,3,4,4,5,5,6,6,7,7,8,8,9,9,9-heptadecafluorononanoic acid",67821,1.0774004481985865e-12,3.591334827328622e-12,1.0774004481985865e-12,left
ALN 125x,2016-11-01,"2,2,3,3,4,4,5,5,6,6,7,7,8,8,9,9,9-heptadecafluorononanoic acid",67821,1.206688501982417e-12,3.591334827328622e-12,1.0774004481985865e-12,interval
ALN 136x,2016-11-01,"2,2,3,3,4,4,5,5,6,6,7,7,8,8,9,9,9-heptadecafluorononanoic acid",67821,1.0774004481985865e-12,3.591334827328622e-12,1.0774004481985865e-12,left
HOV 122z,2016-11-01,"2,2,3,3,4,4,5,5,6,6,7,7,8,8,9,9,10,10,11,11,12,12,13,13,14,14,14-heptacosafluorotetradecanoic acid",67822,5.601377938972987e-13,1.8671259796576626e-12,5.601377938972987e-13,left
ALN 138x,2016-11-01,"2,2,3,3,4,4,5,5,6,6,7,7,8,8,9,9,10,10,11,11,12,12,13,13,14,14,14-heptacosafluorotetradecanoic acid",67822,5.601377938972987e-13,1.8671259796576626e-12,5.601377938972987e-13,left
ALN 125x,2016-11-01,"2,2,3,3,4,4,5,5,6,6,7,7,8,8,9,9,10,10,11,11,12,12,13,13,14,14,14-heptacosafluorotetradecanoic acid",67822,5.601377938972987e-13,1.8671259796576626e-12,5.601377938972987e-13,left
ALN 136x,2016-11-01,"2,2,3,3,4,4,5,5,6,6,7,7,8,8,9,9,10,10,11,11,12,12,13,13,14,14,14-heptacosafluorotetradecanoic acid",67822,5.601377938972987e-13,1.8671259796576626e-12,5.601377938972987e-13,left
HOV 122z,2016-11-01,"1,1,2,2,3,3,4,4,5,5,6,6,7,7,8,8,8-heptadecafluorooctane-1-sulfonamide",69785,2.0034057898427328e-13,6.678019299475776e-13,2.0034057898427328e-13,left
ALN 138x,2016-11-01,"1,1,2,2,3,3,4,4,5,5,6,6,7,7,8,8,8-heptadecafluorooctane-1-sulfonamide",69785,2.0034057898427328e-13,6.678019299475776e-13,2.0034057898427328e-13,left
ALN 125x,2016-11-01,"1,1,2,2,3,3,4,4,5,5,6,6,7,7,8,8,8-heptadecafluorooctane-1-sulfonamide",69785,2.0034057898427328e-13,6.678019299475776e-13,2.0034057898427328e-13,left
ALN 136x,2016-11-01,"1,1,2,2,3,3,4,4,5,5,6,6,7,7,8,8,8-heptadecafluorooctane-1-sulfonamide",69785,2.0034057898427328e-13,6.678019299475776e-13,2.0034057898427328e-13,left
HOV 122z,2016-11-01,2-[2-(4-hydroxyphenyl)propan-2-yl]phenol,70044,3.504314687458934e-12,1.1681048958196447e-11,3.504314687458934e-12,left
ALN 138x,2016-11-01,2-[2-(4-hydroxyphenyl)propan-2-yl]phenol,70044,3.504314687458934e-12,1.1681048958196447e-11,3.504314687458934e-12,left
ALN 125x,2016-11-01,2-[2-(4-hydroxyphenyl)propan-2-yl]phenol,70044,3.504314687458934e-12,1.1681048958196447e-11,3.504314687458934e-12,left
ALN 136x,2016-11-01,2-[2-(4-hydroxyphenyl)propan-2-yl]phenol,70044,3.504314687458934e-12,1.1681048958196447e-11,3.504314687458934e-12,left
HOV 122z,2016-11-01,"4-[1,1,1,3,3,3-hexafluoro-2-(4-hydroxyphenyl)propan-2-yl]phenol",73864,1.7844927579335573e-12,5.948309193111858e-12,1.7844927579335573e-12,left
ALN 138x,2016-11-01,"4-[1,1,1,3,3,3-hexafluoro-2-(4-hydroxyphenyl)propan-2-yl]phenol",73864,1.7844927579335573e-12,5.948309193111858e-12,1.7844927579335573e-12,left
ALN 125x,2016-11-01,"4-[1,1,1,3,3,3-hexafluoro-2-(4-hydroxyphenyl)propan-2-yl]phenol",73864,1.7844927579335573e-12,5.948309193111858e-12,1.7844927579335573e-12,left
ALN 136x,2016-11-01,"4-[1,1,1,3,3,3-hexafluoro-2-(4-hydroxyphenyl)propan-2-yl]phenol",73864,1.7844927579335573e-12,5.948309193111858e-12,1.7844927579335573e-12,left
HOV 122z,2016-11-01,"N-ethyl-1,1,2,2,3,3,4,4,5,5,6,6,7,7,8,8,8-heptadecafluoro-N-(2-hydroxyethyl)octane-1-sulfonamide",74322,8.7527352297593e-12,2.917578409919767e-11,8.7527352297593e-12,left
ALN 138x,2016-11-01,"N-ethyl-1,1,2,2,3,3,4,4,5,5,6,6,7,7,8,8,8-heptadecafluoro-N-(2-hydroxyethyl)octane-1-sulfonamide",74322,8.7527352297593e-12,2.917578409919767e-11,8.7527352297593e-12,left
ALN 125x,2016-11-01,"N-ethyl-1,1,2,2,3,3,4,4,5,5,6,6,7,7,8,8,8-heptadecafluoro-N-(2-hydroxyethyl)octane-1-sulfonamide",74322,8.7527352297593e-12,2.917578409919767e-11,8.7527352297593e-12,left
ALN 136x,2016-11-01,"N-ethyl-1,1,2,2,3,3,4,4,5,5,6,6,7,7,8,8,8-heptadecafluoro-N-(2-hydroxyethyl)octane-1-sulfonamide",74322,8.7527352297593e-12,2.917578409919767e-11,8.7527352297593e-12,left
HOV 122z,2016-11-01,"1,1,2,2,3,3,4,4,5,5,6,6,7,7,8,8,8-heptadecafluorooctane-1-sulfonic acid",74483,4.998700337912143e-13,1.3329867567765717e-012,3.9989602703297146e-13,interval
ALN 138x,2016-11-01,"1,1,2,2,3,3,4,4,5,5,6,6,7,7,8,8,8-heptadecafluorooctane-1-sulfonic acid",74483,7.997920540659429e-13,1.3329867567765717e-012,3.9989602703297146e-13,interval
ALN 125x,2016-11-01,"1,1,2,2,3,3,4,4,5,5,6,6,7,7,8,8,8-heptadecafluorooctane-1-sulfonic acid",74483,3.679043448703337e-12,1.3329867567765717e-012,3.9989602703297146e-13,none
ALN 136x,2016-11-01,"1,1,2,2,3,3,4,4,5,5,6,6,7,7,8,8,8-heptadecafluorooctane-1-sulfonic acid",74483,6.598284446044029e-13,1.3329867567765717e-012,3.9989602703297146e-13,interval
HOV 122z,2016-11-01,2-[(2-hydroxyphenyl)methyl]phenol,75575,1.498276981471308e-11,4.99425660490436e-11,1.498276981471308e-11,left
ALN 138x,2016-11-01,2-[(2-hydroxyphenyl)methyl]phenol,75575,1.498276981471308e-11,4.99425660490436e-11,1.498276981471308e-11,left
ALN 125x,2016-11-01,2-[(2-hydroxyphenyl)methyl]phenol,75575,1.498276981471308e-11,4.99425660490436e-11,1.498276981471308e-11,left
ALN 136x,2016-11-01,2-[(2-hydroxyphenyl)methyl]phenol,75575,3.648313639314788e-11,NA,NA,none
HOV 122z,2016-11-01,"2,2,3,3,4,4,5,5,5-nonafluoropentanoic acid",75921,1.7572429464116644e-11,6.311935870731553e-12,1.893580761219466e-12,none
ALN 138x,2016-11-01,"2,2,3,3,4,4,5,5,5-nonafluoropentanoic acid",75921,7.347093353531527e-11,6.311935870731553e-12,1.893580761219466e-12,none
ALN 125x,2016-11-01,"2,2,3,3,4,4,5,5,5-nonafluoropentanoic acid",75921,6.305623934860822e-11,6.311935870731553e-12,1.893580761219466e-12,none
ALN 136x,2016-11-01,"2,2,3,3,4,4,5,5,5-nonafluoropentanoic acid",75921,5.1429653474720696e-11,6.311935870731553e-12,1.893580761219466e-12,none
HOV 122z,2016-11-01,4-[9-(4-hydroxyphenyl)fluoren-9-yl]phenol,76716,1.7123287671232879e-12,5.707762557077626e-12,1.7123287671232879e-12,left
ALN 138x,2016-11-01,4-[9-(4-hydroxyphenyl)fluoren-9-yl]phenol,76716,1.7123287671232879e-12,5.707762557077626e-12,1.7123287671232879e-12,left
ALN 125x,2016-11-01,4-[9-(4-hydroxyphenyl)fluoren-9-yl]phenol,76716,1.7123287671232879e-12,5.707762557077626e-12,1.7123287671232879e-12,left
ALN 136x,2016-11-01,4-[9-(4-hydroxyphenyl)fluoren-9-yl]phenol,76716,1.7123287671232879e-12,5.707762557077626e-12,1.7123287671232879e-12,left
HOV 122z,2016-11-01,"2,2,3,3,4,4,5,5,6,6,7,7,8,8,9,9,10,10,11,11,11-henicosafluoroundecanoic acid",77222,7.091067028311085e-13,2.3636890094370284e-12,7.091067028311085e-13,left
ALN 138x,2016-11-01,"2,2,3,3,4,4,5,5,6,6,7,7,8,8,9,9,10,10,11,11,11-henicosafluoroundecanoic acid",77222,7.091067028311085e-13,2.3636890094370284e-12,7.091067028311085e-13,left
ALN 125x,2016-11-01,"2,2,3,3,4,4,5,5,6,6,7,7,8,8,9,9,10,10,11,11,11-henicosafluoroundecanoic acid",77222,7.091067028311085e-13,2.3636890094370284e-12,7.091067028311085e-13,left
ALN 136x,2016-11-01,"2,2,3,3,4,4,5,5,6,6,7,7,8,8,9,9,10,10,11,11,11-henicosafluoroundecanoic acid",77222,7.091067028311085e-13,2.3636890094370284e-12,7.091067028311085e-13,left
HOV 122z,2016-11-01,"N-ethyl-1,1,2,2,3,3,4,4,5,5,6,6,7,7,8,8,8-heptadecafluorooctane-1-sulfonamide",77797,5.690440060698027e-13,1.896813353566009e-12,5.690440060698027e-13,left
ALN 138x,2016-11-01,"N-ethyl-1,1,2,2,3,3,4,4,5,5,6,6,7,7,8,8,8-heptadecafluorooctane-1-sulfonamide",77797,5.690440060698027e-13,1.896813353566009e-12,5.690440060698027e-13,left
ALN 125x,2016-11-01,"N-ethyl-1,1,2,2,3,3,4,4,5,5,6,6,7,7,8,8,8-heptadecafluorooctane-1-sulfonamide",77797,5.690440060698027e-13,1.896813353566009e-12,5.690440060698027e-13,left
ALN 136x,2016-11-01,"N-ethyl-1,1,2,2,3,3,4,4,5,5,6,6,7,7,8,8,8-heptadecafluorooctane-1-sulfonamide",77797,5.690440060698027e-13,1.896813353566009e-12,5.690440060698027e-13,left
HOV 122z,2016-11-01,2-(4-hydroxyphenyl)sulfonylphenol,79381,7.991369321133176e-13,2.663789773711059e-12,7.991369321133176e-13,left
ALN 138x,2016-11-01,2-(4-hydroxyphenyl)sulfonylphenol,79381,7.991369321133176e-13,2.663789773711059e-12,7.991369321133176e-13,left
ALN 125x,2016-11-01,2-(4-hydroxyphenyl)sulfonylphenol,79381,7.991369321133176e-13,2.663789773711059e-12,7.991369321133176e-13,left
ALN 136x,2016-11-01,2-(4-hydroxyphenyl)sulfonylphenol,79381,4.5524332121308985e-11,NA,NA,none
HOV 122z,2016-11-01,"1,1,2,2,3,3,4,4,5,5,6,6,7,7,8,8,9,9,9-nonadecafluorononane-1-sulfonic acid",86998,3.6354382520812884e-13,1.211812750693763e-12,3.6354382520812884e-13,left
ALN 138x,2016-11-01,"1,1,2,2,3,3,4,4,5,5,6,6,7,7,8,8,9,9,9-nonadecafluorononane-1-sulfonic acid",86998,3.6354382520812884e-13,1.211812750693763e-12,3.6354382520812884e-13,left
ALN 125x,2016-11-01,"1,1,2,2,3,3,4,4,5,5,6,6,7,7,8,8,9,9,9-nonadecafluorononane-1-sulfonic acid",86998,3.6354382520812884e-13,1.211812750693763e-12,3.6354382520812884e-13,left
ALN 136x,2016-11-01,"1,1,2,2,3,3,4,4,5,5,6,6,7,7,8,8,9,9,9-nonadecafluorononane-1-sulfonic acid",86998,3.6354382520812884e-13,1.211812750693763e-12,3.6354382520812884e-13,left
HOV 122z,2016-11-01,"1,1,2,2,3,3,4,4,5,5,6,6,7,7,8,8,8-heptadecafluoro-N-(2-hydroxyethyl)-N-methyloctane-1-sulfonamide",90507,8.972955512086572e-12,2.9909851706955237e-11,8.972955512086572e-12,left
ALN 138x,2016-11-01,"1,1,2,2,3,3,4,4,5,5,6,6,7,7,8,8,8-heptadecafluoro-N-(2-hydroxyethyl)-N-methyloctane-1-sulfonamide",90507,8.972955512086572e-12,2.9909851706955237e-11,8.972955512086572e-12,left
ALN 125x,2016-11-01,"1,1,2,2,3,3,4,4,5,5,6,6,7,7,8,8,8-heptadecafluoro-N-(2-hydroxyethyl)-N-methyloctane-1-sulfonamide",90507,8.972955512086572e-12,2.9909851706955237e-11,8.972955512086572e-12,left
ALN 136x,2016-11-01,"1,1,2,2,3,3,4,4,5,5,6,6,7,7,8,8,8-heptadecafluoro-N-(2-hydroxyethyl)-N-methyloctane-1-sulfonamide",90507,8.972955512086572e-12,2.9909851706955237e-11,8.972955512086572e-12,left
HOV 122z,2016-11-01,"1,2,3-trichloro-5-(2,3-dichlorophenyl)benzene",91728,9.191176470588236e-15,3.063725490196079e-14,9.191176470588236e-15,left
ALN 138x,2016-11-01,"1,2,3-trichloro-5-(2,3-dichlorophenyl)benzene",91728,9.191176470588236e-15,3.063725490196079e-14,9.191176470588236e-15,left
ALN 125x,2016-11-01,"1,2,3-trichloro-5-(2,3-dichlorophenyl)benzene",91728,9.191176470588236e-15,3.063725490196079e-14,9.191176470588236e-15,left
ALN 136x,2016-11-01,"1,2,3-trichloro-5-(2,3-dichlorophenyl)benzene",91728,9.191176470588236e-15,3.063725490196079e-14,9.191176470588236e-15,left
HOV 122z,2016-11-01,"2,4-dibromo-1-(2,4-dibromophenoxy)benzene",95170,9.36618703555034e-13,3.122062345183447e-12,9.36618703555034e-13,left
ALN 138x,2016-11-01,"2,4-dibromo-1-(2,4-dibromophenoxy)benzene",95170,9.36618703555034e-13,3.122062345183447e-12,9.36618703555034e-13,left
ALN 125x,2016-11-01,"2,4-dibromo-1-(2,4-dibromophenoxy)benzene",95170,9.36618703555034e-13,3.122062345183447e-12,9.36618703555034e-13,left
ALN 136x,2016-11-01,"2,4-dibromo-1-(2,4-dibromophenoxy)benzene",95170,9.36618703555034e-13,3.122062345183447e-12,9.36618703555034e-13,left
HOV 122z,2016-11-01,"3,3,4,4,5,5,6,6,7,7,8,8,8-tridecafluorooctane-1-sulfonic acid",119688,7.006562813835625e-13,2.335520937945209e-12,7.006562813835625e-13,left
ALN 138x,2016-11-01,"3,3,4,4,5,5,6,6,7,7,8,8,8-tridecafluorooctane-1-sulfonic acid",119688,4.9045939696849385e-12,2.335520937945209e-12,7.006562813835625e-13,none
ALN 125x,2016-11-01,"3,3,4,4,5,5,6,6,7,7,8,8,8-tridecafluorooctane-1-sulfonic acid",119688,1.401312562767125e-12,2.335520937945209e-12,7.006562813835625e-13,interval
ALN 136x,2016-11-01,"3,3,4,4,5,5,6,6,7,7,8,8,8-tridecafluorooctane-1-sulfonic acid",119688,7.2401149076301465e-012,2.335520937945209e-12,7.006562813835625e-13,none
HOV 122z,2016-11-01,"1,3,5-tribromo-2-(2,4-dibromophenoxy)benzene",154083,8.145918186647777e-14,2.715306062215926e-13,8.145918186647777e-14,left
ALN 138x,2016-11-01,"1,3,5-tribromo-2-(2,4-dibromophenoxy)benzene",154083,8.145918186647777e-14,2.715306062215926e-13,8.145918186647777e-14,left
ALN 125x,2016-11-01,"1,3,5-tribromo-2-(2,4-dibromophenoxy)benzene",154083,8.145918186647777e-14,2.715306062215926e-13,8.145918186647777e-14,left
ALN 136x,2016-11-01,"1,3,5-tribromo-2-(2,4-dibromophenoxy)benzene",154083,8.145918186647777e-14,2.715306062215926e-13,8.145918186647777e-14,left
HOV 122z,2016-11-01,"1,2,4-tribromo-5-(2,4,5-tribromophenoxy)benzene",155166,5.282784338098198e-14,1.7609281126993994e-13,5.282784338098198e-14,left
ALN 138x,2016-11-01,"1,2,4-tribromo-5-(2,4,5-tribromophenoxy)benzene",155166,5.282784338098198e-14,1.7609281126993994e-13,5.282784338098198e-14,left
ALN 125x,2016-11-01,"1,2,4-tribromo-5-(2,4,5-tribromophenoxy)benzene",155166,5.282784338098198e-14,1.7609281126993994e-13,5.282784338098198e-14,left
ALN 136x,2016-11-01,"1,2,4-tribromo-5-(2,4,5-tribromophenoxy)benzene",155166,5.282784338098198e-14,1.7609281126993994e-13,5.282784338098198e-14,left
HOV 122z,2016-11-01,"1,2,3-tribromo-4-(2,4-dibromophenoxy)benzene",177368,2.479192491588454e-14,8.263974971961513e-14,2.479192491588454e-14,left
ALN 138x,2016-11-01,"1,2,3-tribromo-4-(2,4-dibromophenoxy)benzene",177368,2.479192491588454e-14,8.263974971961513e-14,2.479192491588454e-14,left
ALN 125x,2016-11-01,"1,2,3-tribromo-4-(2,4-dibromophenoxy)benzene",177368,2.479192491588454e-14,8.263974971961513e-14,2.479192491588454e-14,left
ALN 136x,2016-11-01,"1,2,3-tribromo-4-(2,4-dibromophenoxy)benzene",177368,2.479192491588454e-14,8.263974971961513e-14,2.479192491588454e-14,left
HOV 122z,2016-11-01,4-[2-(4-hydroxy-3-propan-2-ylphenyl)propan-2-yl]-2-propan-2-ylphenol,228537,2.5608194622279134e-12,8.536064874093044e-12,2.5608194622279134e-12,left
ALN 138x,2016-11-01,4-[2-(4-hydroxy-3-propan-2-ylphenyl)propan-2-yl]-2-propan-2-ylphenol,228537,2.5608194622279134e-12,8.536064874093044e-12,2.5608194622279134e-12,left
ALN 125x,2016-11-01,4-[2-(4-hydroxy-3-propan-2-ylphenyl)propan-2-yl]-2-propan-2-ylphenol,228537,2.5608194622279134e-12,8.536064874093044e-12,2.5608194622279134e-12,left
ALN 136x,2016-11-01,4-[2-(4-hydroxy-3-propan-2-ylphenyl)propan-2-yl]-2-propan-2-ylphenol,228537,2.5608194622279134e-12,8.536064874093044e-12,2.5608194622279134e-12,left
HOV 122z,2016-11-01,4-[1-(4-hydroxyphenyl)cyclohexyl]phenol,232446,6.33619083115915e-12,2.1120636103863834e-11,6.33619083115915e-12,left
ALN 138x,2016-11-01,4-[1-(4-hydroxyphenyl)cyclohexyl]phenol,232446,6.33619083115915e-12,2.1120636103863834e-11,6.33619083115915e-12,left
ALN 125x,2016-11-01,4-[1-(4-hydroxyphenyl)cyclohexyl]phenol,232446,6.33619083115915e-12,2.1120636103863834e-11,6.33619083115915e-12,left
ALN 136x,2016-11-01,4-[1-(4-hydroxyphenyl)cyclohexyl]phenol,232446,3.136639843458814e-11,NA,NA,none
HOV 122z,2016-11-01,4-[(4-hydroxyphenyl)-diphenylmethyl]phenol,232881,6.526674233825199e-12,2.175558077941733e-11,6.526674233825199e-12,left
ALN 138x,2016-11-01,4-[(4-hydroxyphenyl)-diphenylmethyl]phenol,232881,6.526674233825199e-12,2.175558077941733e-11,6.526674233825199e-12,left
ALN 125x,2016-11-01,4-[(4-hydroxyphenyl)-diphenylmethyl]phenol,232881,6.526674233825199e-12,2.175558077941733e-11,6.526674233825199e-12,left
ALN 136x,2016-11-01,4-[(4-hydroxyphenyl)-diphenylmethyl]phenol,232881,6.526674233825199e-12,2.175558077941733e-11,6.526674233825199e-12,left
HOV 122z,2016-11-01,"1-chloro-2-[2,2-dichloro-1-(4-chlorophenyl)ethenyl]benzene",246598,1.2264150943396227e-13,4.0880503144654093e-13,1.2264150943396227e-13,left
ALN 138x,2016-11-01,"1-chloro-2-[2,2-dichloro-1-(4-chlorophenyl)ethenyl]benzene",246598,1.2264150943396227e-13,4.0880503144654093e-13,1.2264150943396227e-13,left
ALN 125x,2016-11-01,"1-chloro-2-[2,2-dichloro-1-(4-chlorophenyl)ethenyl]benzene",246598,1.2264150943396227e-13,4.0880503144654093e-13,1.2264150943396227e-13,left
ALN 136x,2016-11-01,"1-chloro-2-[2,2-dichloro-1-(4-chlorophenyl)ethenyl]benzene",246598,1.2264150943396227e-13,4.0880503144654093e-13,1.2264150943396227e-13,left
HOV 122z,2016-11-01,4-[1-(4-hydroxyphenyl)ethyl]phenol,608116,2.1002520302436293e-10,7.000840100812097e-10,2.1002520302436293e-10,left
ALN 138x,2016-11-01,4-[1-(4-hydroxyphenyl)ethyl]phenol,608116,2.1002520302436293e-10,7.000840100812097e-10,2.1002520302436293e-10,left
ALN 125x,2016-11-01,4-[1-(4-hydroxyphenyl)ethyl]phenol,608116,2.1002520302436293e-10,7.000840100812097e-10,2.1002520302436293e-10,left
ALN 136x,2016-11-01,4-[1-(4-hydroxyphenyl)ethyl]phenol,608116,2.1002520302436293e-10,7.000840100812097e-10,2.1002520302436293e-10,left
HOV 122z,2016-11-01,4-[1-(4-hydroxyphenyl)-1-phenylethyl]phenol,623849,1.0330578512396695e-12,3.4435261707988985e-12,1.0330578512396695e-12,left
ALN 138x,2016-11-01,4-[1-(4-hydroxyphenyl)-1-phenylethyl]phenol,623849,1.0330578512396695e-12,3.4435261707988985e-12,1.0330578512396695e-12,left
ALN 125x,2016-11-01,4-[1-(4-hydroxyphenyl)-1-phenylethyl]phenol,623849,1.0330578512396695e-12,3.4435261707988985e-12,1.0330578512396695e-12,left
ALN 136x,2016-11-01,4-[1-(4-hydroxyphenyl)-1-phenylethyl]phenol,623849,1.0330578512396695e-12,3.4435261707988985e-12,1.0330578512396695e-12,left
HOV 122z,2016-11-01,4-[2-[4-[2-(4-hydroxyphenyl)propan-2-yl]phenyl]propan-2-yl]phenol,630355,1.1544011544011545e-12,3.848003848003849e-12,1.1544011544011545e-12,left
ALN 138x,2016-11-01,4-[2-[4-[2-(4-hydroxyphenyl)propan-2-yl]phenyl]propan-2-yl]phenol,630355,1.1544011544011545e-12,3.848003848003849e-12,1.1544011544011545e-12,left
ALN 125x,2016-11-01,4-[2-[4-[2-(4-hydroxyphenyl)propan-2-yl]phenyl]propan-2-yl]phenol,630355,1.1544011544011545e-12,3.848003848003849e-12,1.1544011544011545e-12,left
ALN 136x,2016-11-01,4-[2-[4-[2-(4-hydroxyphenyl)propan-2-yl]phenyl]propan-2-yl]phenol,630355,1.1544011544011545e-12,3.848003848003849e-12,1.1544011544011545e-12,left
HOV 122z,2016-11-01,"3,3,4,4,5,5,6,6,7,7,8,8,9,9,10,10,10-heptadecafluorodecane-1-sulfonic acid",3016044,5.679881858457344e-13,1.893293952819115e-12,5.679881858457344e-13,left
ALN 138x,2016-11-01,"3,3,4,4,5,5,6,6,7,7,8,8,9,9,10,10,10-heptadecafluorodecane-1-sulfonic acid",3016044,1.3253057669733803e-12,1.893293952819115e-12,5.679881858457344e-13,interval
ALN 125x,2016-11-01,"3,3,4,4,5,5,6,6,7,7,8,8,9,9,10,10,10-heptadecafluorodecane-1-sulfonic acid",3016044,1.7039645575372034e-12,1.893293952819115e-12,5.679881858457344e-13,interval
ALN 136x,2016-11-01,"3,3,4,4,5,5,6,6,7,7,8,8,9,9,10,10,10-heptadecafluorodecane-1-sulfonic acid",3016044,5.679881858457344e-13,1.893293952819115e-12,5.679881858457344e-13,left
HOV 122z,2016-11-01,"2,2,3,3,4,4,5,5,6,6,7,7,8,8,9,9,10,10,11,11,12,12,13,13,13-pentacosafluorotridecanoic acid",3018355,6.023189278723084e-13,2.0077297595743614e-12,6.023189278723084e-13,left
ALN 138x,2016-11-01,"2,2,3,3,4,4,5,5,6,6,7,7,8,8,9,9,10,10,11,11,12,12,13,13,13-pentacosafluorotridecanoic acid",3018355,6.023189278723084e-13,2.0077297595743614e-12,6.023189278723084e-13,left
ALN 125x,2016-11-01,"2,2,3,3,4,4,5,5,6,6,7,7,8,8,9,9,10,10,11,11,12,12,13,13,13-pentacosafluorotridecanoic acid",3018355,6.023189278723084e-13,2.0077297595743614e-12,6.023189278723084e-13,left
ALN 136x,2016-11-01,"2,2,3,3,4,4,5,5,6,6,7,7,8,8,9,9,10,10,11,11,12,12,13,13,13-pentacosafluorotridecanoic acid",3018355,6.023189278723084e-13,2.0077297595743614e-12,6.023189278723084e-13,left
HOV 122z,2016-11-01,"1,1,2,2,3,3,4,4,5,5,6,6,7,7,8,8,9,9,10,10,11,11,12,12,12-pentacosafluorododecane-1-sulfonic acid",3018866,2.856489945155393e-13,9.521633150517978e-13,2.856489945155393e-13,left
ALN 138x,2016-11-01,"1,1,2,2,3,3,4,4,5,5,6,6,7,7,8,8,9,9,10,10,11,11,12,12,12-pentacosafluorododecane-1-sulfonic acid",3018866,2.856489945155393e-13,9.521633150517978e-13,2.856489945155393e-13,left
ALN 125x,2016-11-01,"1,1,2,2,3,3,4,4,5,5,6,6,7,7,8,8,9,9,10,10,11,11,12,12,12-pentacosafluorododecane-1-sulfonic acid",3018866,2.856489945155393e-13,9.521633150517978e-13,2.856489945155393e-13,left
ALN 136x,2016-11-01,"1,1,2,2,3,3,4,4,5,5,6,6,7,7,8,8,9,9,10,10,11,11,12,12,12-pentacosafluorododecane-1-sulfonic acid",3018866,2.856489945155393e-13,9.521633150517978e-13,2.856489945155393e-13,left
HOV 122z,2016-11-01,"1,1,2,2,3,3,4,4,5,5,6,6,7,7,8,8,8-heptadecafluoro-N-methyloctane-1-sulfonamide",3034468,5.846015940136797e-13,1.9486719800455993e-12,5.846015940136797e-13,left
ALN 138x,2016-11-01,"1,1,2,2,3,3,4,4,5,5,6,6,7,7,8,8,8-heptadecafluoro-N-methyloctane-1-sulfonamide",3034468,5.846015940136797e-13,1.9486719800455993e-12,5.846015940136797e-13,left
ALN 125x,2016-11-01,"1,1,2,2,3,3,4,4,5,5,6,6,7,7,8,8,8-heptadecafluoro-N-methyloctane-1-sulfonamide",3034468,5.846015940136797e-13,1.9486719800455993e-12,5.846015940136797e-13,left
ALN 136x,2016-11-01,"1,1,2,2,3,3,4,4,5,5,6,6,7,7,8,8,8-heptadecafluoro-N-methyloctane-1-sulfonamide",3034468,5.846015940136797e-13,1.9486719800455993e-12,5.846015940136797e-13,left
HOV 122z,2016-11-01,"1,2,4,5-tetrabromo-3-(2,3,5,6-tetrabromophenoxy)benzene",3290414,6.862989767906165e-14,2.2876632559687215e-13,6.862989767906165e-14,left
ALN 138x,2016-11-01,"1,2,4,5-tetrabromo-3-(2,3,5,6-tetrabromophenoxy)benzene",3290414,6.862989767906165e-14,2.2876632559687215e-13,6.862989767906165e-14,left
ALN 125x,2016-11-01,"1,2,4,5-tetrabromo-3-(2,3,5,6-tetrabromophenoxy)benzene",3290414,6.862989767906165e-14,2.2876632559687215e-13,6.862989767906165e-14,left
ALN 136x,2016-11-01,"1,2,4,5-tetrabromo-3-(2,3,5,6-tetrabromophenoxy)benzene",3290414,6.862989767906165e-14,2.2876632559687215e-13,6.862989767906165e-14,left
HOV 122z,2016-11-01,4-[2-[3-[2-(4-hydroxyphenyl)propan-2-yl]phenyl]propan-2-yl]phenol,3292100,8.658008658008657e-13,2.8860028860028864e-12,8.658008658008657e-13,left
ALN 138x,2016-11-01,4-[2-[3-[2-(4-hydroxyphenyl)propan-2-yl]phenyl]propan-2-yl]phenol,3292100,8.658008658008657e-13,2.8860028860028864e-12,8.658008658008657e-13,left
ALN 125x,2016-11-01,4-[2-[3-[2-(4-hydroxyphenyl)propan-2-yl]phenyl]propan-2-yl]phenol,3292100,8.658008658008657e-13,2.8860028860028864e-12,8.658008658008657e-13,left
ALN 136x,2016-11-01,4-[2-[3-[2-(4-hydroxyphenyl)propan-2-yl]phenyl]propan-2-yl]phenol,3292100,8.658008658008657e-13,2.8860028860028864e-12,8.658008658008657e-13,left
HOV 122z,2016-11-01,"4-[1-(4-hydroxyphenyl)-3,3,5-trimethylcyclohexyl]phenol",4134035,5.798969072164949e-12,1.9329896907216496e-11,5.798969072164949e-12,left
ALN 138x,2016-11-01,"4-[1-(4-hydroxyphenyl)-3,3,5-trimethylcyclohexyl]phenol",4134035,5.798969072164949e-12,1.9329896907216496e-11,5.798969072164949e-12,left
ALN 125x,2016-11-01,"4-[1-(4-hydroxyphenyl)-3,3,5-trimethylcyclohexyl]phenol",4134035,5.798969072164949e-12,1.9329896907216496e-11,5.798969072164949e-12,left
ALN 136x,2016-11-01,"4-[1-(4-hydroxyphenyl)-3,3,5-trimethylcyclohexyl]phenol",4134035,5.798969072164949e-12,1.9329896907216496e-11,5.798969072164949e-12,left
HOV 122z,2016-11-01,lead,5352425,2.6289103321294295e-8,NA,NA,none
ALN 138x,2016-11-01,lead,5352425,5.806485550776087e-9,NA,NA,none
ALN 125x,2016-11-01,lead,5352425,3.5984948163318697e-8,NA,NA,none
ALN 136x,2016-11-01,lead,5352425,3.596414009367111e-9,NA,NA,none
HOV 122z,2016-11-01,antimony,5354495,1.4100413234996157e-8,NA,NA,none
ALN 138x,2016-11-01,antimony,5354495,9.594715259855042e-9,NA,NA,none
ALN 125x,2016-11-01,antimony,5354495,1.3863083680603399e-8,NA,NA,none
ALN 136x,2016-11-01,antimony,5354495,1.1495528626712993e-8,NA,NA,none
HOV 122z,2016-11-01,arsenic,5359596,3.971363877449211e-8,NA,NA,none
ALN 138x,2016-11-01,arsenic,5359596,1.2012558729733313e-8,4.004186243244438e-8,1.2012558729733313e-8,left
ALN 125x,2016-11-01,arsenic,5359596,8.482318572313989e-8,NA,NA,none
ALN 136x,2016-11-01,arsenic,5359596,2.0114465792849193e-8,NA,NA,none
HOV 122z,2016-11-01,tribromomethoxybenzene,6454564,1.3049908650639445e-13,4.3499695502131486e-13,1.3049908650639445e-13,left
ALN 138x,2016-11-01,tribromomethoxybenzene,6454564,1.3049908650639445e-13,4.3499695502131486e-13,1.3049908650639445e-13,left
ALN 125x,2016-11-01,tribromomethoxybenzene,6454564,1.3049908650639445e-13,4.3499695502131486e-13,1.3049908650639445e-13,left
ALN 136x,2016-11-01,tribromomethoxybenzene,6454564,1.3049908650639445e-13,4.3499695502131486e-13,1.3049908650639445e-13,left
HOV 122z,2016-11-01,"1,2,3,5-tetrabromo-4-(2,4,6-tribromophenoxy)benzene",10930591,2.491349480968858e-14,8.304498269896194e-14,2.491349480968858e-14,left
ALN 138x,2016-11-01,"1,2,3,5-tetrabromo-4-(2,4,6-tribromophenoxy)benzene",10930591,2.491349480968858e-14,8.304498269896194e-14,2.491349480968858e-14,left
ALN 125x,2016-11-01,"1,2,3,5-tetrabromo-4-(2,4,6-tribromophenoxy)benzene",10930591,2.491349480968858e-14,8.304498269896194e-14,2.491349480968858e-14,left
ALN 136x,2016-11-01,"1,2,3,5-tetrabromo-4-(2,4,6-tribromophenoxy)benzene",10930591,2.491349480968858e-14,8.304498269896194e-14,2.491349480968858e-14,left
HOV 122z,2016-11-01,"1,2,3,4,5-pentabromo-6-[2-(2,3,4,5,6-pentabromophenyl)ethyl]benzene",10985889,1.0002855230642503e-10,NA,NA,none
ALN 138x,2016-11-01,"1,2,3,4,5-pentabromo-6-[2-(2,3,4,5,6-pentabromophenyl)ethyl]benzene",10985889,6.25969831136738e-11,NA,NA,none
ALN 125x,2016-11-01,"1,2,3,4,5-pentabromo-6-[2-(2,3,4,5,6-pentabromophenyl)ethyl]benzene",10985889,9.706585667215814e-11,NA,NA,none
ALN 136x,2016-11-01,"1,2,3,4,5-pentabromo-6-[2-(2,3,4,5,6-pentabromophenyl)ethyl]benzene",10985889,9.12908978583196e-11,NA,NA,none
HOV 122z,2016-11-01,"1,2,3,4,5-pentabromo-6-(2,3,4,6-tetrabromophenoxy)benzene",11018364,1.1927751902760422e-13,3.975917300920141e-13,1.1927751902760422e-13,left
ALN 138x,2016-11-01,"1,2,3,4,5-pentabromo-6-(2,3,4,6-tetrabromophenoxy)benzene",11018364,1.1927751902760422e-13,3.975917300920141e-13,1.1927751902760422e-13,left
ALN 125x,2016-11-01,"1,2,3,4,5-pentabromo-6-(2,3,4,6-tetrabromophenoxy)benzene",11018364,1.1927751902760422e-13,3.975917300920141e-13,1.1927751902760422e-13,left
ALN 136x,2016-11-01,"1,2,3,4,5-pentabromo-6-(2,3,4,6-tetrabromophenoxy)benzene",11018364,1.1927751902760422e-13,3.975917300920141e-13,1.1927751902760422e-13,left
HOV 122z,2016-11-01,"1,2,3,5-tetrabromo-4-(2,3,4,6-tetrabromophenoxy)benzene",11967214,5.3656101821811824e-14,1.7885367273937276e-13,5.3656101821811824e-14,left
ALN 138x,2016-11-01,"1,2,3,5-tetrabromo-4-(2,3,4,6-tetrabromophenoxy)benzene",11967214,5.3656101821811824e-14,1.7885367273937276e-13,5.3656101821811824e-14,left
ALN 125x,2016-11-01,"1,2,3,5-tetrabromo-4-(2,3,4,6-tetrabromophenoxy)benzene",11967214,5.3656101821811824e-14,1.7885367273937276e-13,5.3656101821811824e-14,left
ALN 136x,2016-11-01,"1,2,3,5-tetrabromo-4-(2,3,4,6-tetrabromophenoxy)benzene",11967214,5.3656101821811824e-14,1.7885367273937276e-13,5.3656101821811824e-14,left
HOV 122z,2016-11-01,"2,4-dibromo-1-(4-bromophenoxy)benzene",12110098,1.0322200103222002e-13,3.4407333677406674e-13,1.0322200103222002e-13,left
ALN 138x,2016-11-01,"2,4-dibromo-1-(4-bromophenoxy)benzene",12110098,1.0322200103222002e-13,3.4407333677406674e-13,1.0322200103222002e-13,left
ALN 125x,2016-11-01,"2,4-dibromo-1-(4-bromophenoxy)benzene",12110098,1.0322200103222002e-13,3.4407333677406674e-13,1.0322200103222002e-13,left
ALN 136x,2016-11-01,"2,4-dibromo-1-(4-bromophenoxy)benzene",12110098,1.0322200103222002e-13,3.4407333677406674e-13,1.0322200103222002e-13,left
HOV 122z,2016-11-01,"1,2-dibromo-4-(3,4-dibromophenoxy)benzene",13283771,2.8819037032462586e-14,9.606345677487529e-14,2.8819037032462586e-14,left
ALN 138x,2016-11-01,"1,2-dibromo-4-(3,4-dibromophenoxy)benzene",13283771,2.8819037032462586e-14,9.606345677487529e-14,2.8819037032462586e-14,left
ALN 125x,2016-11-01,"1,2-dibromo-4-(3,4-dibromophenoxy)benzene",13283771,2.8819037032462586e-14,9.606345677487529e-14,2.8819037032462586e-14,left
ALN 136x,2016-11-01,"1,2-dibromo-4-(3,4-dibromophenoxy)benzene",13283771,2.8819037032462586e-14,9.606345677487529e-14,2.8819037032462586e-14,left
HOV 122z,2016-11-01,"2,4-dibromo-1-(2-bromophenoxy)benzene",14274807,6.389933397232668e-14,2.1299777990775558e-13,6.389933397232668e-14,left
ALN 138x,2016-11-01,"2,4-dibromo-1-(2-bromophenoxy)benzene",14274807,6.389933397232668e-14,2.1299777990775558e-13,6.389933397232668e-14,left
ALN 125x,2016-11-01,"2,4-dibromo-1-(2-bromophenoxy)benzene",14274807,6.389933397232668e-14,2.1299777990775558e-13,6.389933397232668e-14,left
ALN 136x,2016-11-01,"2,4-dibromo-1-(2-bromophenoxy)benzene",14274807,6.389933397232668e-14,2.1299777990775558e-13,6.389933397232668e-14,left
HOV 122z,2016-11-01,"1,2,3-tribromo-4-(2,4,5-tribromophenoxy)benzene",15254861,5.904288377874455e-14,1.968096125958152e-13,5.904288377874455e-14,left
ALN 138x,2016-11-01,"1,2,3-tribromo-4-(2,4,5-tribromophenoxy)benzene",15254861,5.904288377874455e-14,1.968096125958152e-13,5.904288377874455e-14,left
ALN 125x,2016-11-01,"1,2,3-tribromo-4-(2,4,5-tribromophenoxy)benzene",15254861,5.904288377874455e-14,1.968096125958152e-13,5.904288377874455e-14,left
ALN 136x,2016-11-01,"1,2,3-tribromo-4-(2,4,5-tribromophenoxy)benzene",15254861,5.904288377874455e-14,1.968096125958152e-13,5.904288377874455e-14,left
HOV 122z,2016-11-01,"1,4-dibromo-2-(2,4-dibromophenoxy)benzene",15509892,5.1462566129397474e-14,1.715418870979916e-13,5.1462566129397474e-14,left
ALN 138x,2016-11-01,"1,4-dibromo-2-(2,4-dibromophenoxy)benzene",15509892,5.1462566129397474e-14,1.715418870979916e-13,5.1462566129397474e-14,left
ALN 125x,2016-11-01,"1,4-dibromo-2-(2,4-dibromophenoxy)benzene",15509892,5.1462566129397474e-14,1.715418870979916e-13,5.1462566129397474e-14,left
ALN 136x,2016-11-01,"1,4-dibromo-2-(2,4-dibromophenoxy)benzene",15509892,5.1462566129397474e-14,1.715418870979916e-13,5.1462566129397474e-14,left
HOV 122z,2016-11-01,"1,2-dibromo-4-(2,4-dibromophenoxy)benzene",15509893,5.1462566129397474e-14,1.715418870979916e-13,5.1462566129397474e-14,left
ALN 138x,2016-11-01,"1,2-dibromo-4-(2,4-dibromophenoxy)benzene",15509893,5.1462566129397474e-14,1.715418870979916e-13,5.1462566129397474e-14,left
ALN 125x,2016-11-01,"1,2-dibromo-4-(2,4-dibromophenoxy)benzene",15509893,7.781139998764899e-14,NA,NA,none
ALN 136x,2016-11-01,"1,2-dibromo-4-(2,4-dibromophenoxy)benzene",15509893,5.1462566129397474e-14,1.715418870979916e-13,5.1462566129397474e-14,left
HOV 122z,2016-11-01,"1,2-dibromo-4-(2,6-dibromophenoxy)benzene",15509894,2.2643529096934888e-14,7.54784303231163e-14,2.2643529096934888e-14,left
ALN 138x,2016-11-01,"1,2-dibromo-4-(2,6-dibromophenoxy)benzene",15509894,2.2643529096934888e-14,7.54784303231163e-14,2.2643529096934888e-14,left
ALN 125x,2016-11-01,"1,2-dibromo-4-(2,6-dibromophenoxy)benzene",15509894,2.2643529096934888e-14,7.54784303231163e-14,2.2643529096934888e-14,left
ALN 136x,2016-11-01,"1,2-dibromo-4-(2,6-dibromophenoxy)benzene",15509894,2.2643529096934888e-14,7.54784303231163e-14,2.2643529096934888e-14,left
HOV 122z,2016-11-01,"1,2,3-tribromo-5-(3,4-dibromophenoxy)benzene",15509896,1.7708517797060385e-14,5.9028392656867955e-014,1.7708517797060385e-14,left
ALN 138x,2016-11-01,"1,2,3-tribromo-5-(3,4-dibromophenoxy)benzene",15509896,1.7708517797060385e-14,5.9028392656867955e-014,1.7708517797060385e-14,left
ALN 125x,2016-11-01,"1,2,3-tribromo-5-(3,4-dibromophenoxy)benzene",15509896,1.7708517797060385e-14,5.9028392656867955e-014,1.7708517797060385e-14,left
ALN 136x,2016-11-01,"1,2,3-tribromo-5-(3,4-dibromophenoxy)benzene",15509896,1.7708517797060385e-14,5.9028392656867955e-014,1.7708517797060385e-14,left
HOV 122z,2016-11-01,"1,3,5-tribromo-2-(3,4-dibromophenoxy)benzene",15509897,2.3021073136178498e-14,7.673691045392833e-14,2.3021073136178498e-14,left
ALN 138x,2016-11-01,"1,3,5-tribromo-2-(3,4-dibromophenoxy)benzene",15509897,2.3021073136178498e-14,7.673691045392833e-14,2.3021073136178498e-14,left
ALN 125x,2016-11-01,"1,3,5-tribromo-2-(3,4-dibromophenoxy)benzene",15509897,2.3021073136178498e-14,7.673691045392833e-14,2.3021073136178498e-14,left
ALN 136x,2016-11-01,"1,3,5-tribromo-2-(3,4-dibromophenoxy)benzene",15509897,2.3021073136178498e-14,7.673691045392833e-14,2.3021073136178498e-14,left
HOV 122z,2016-11-01,"1,2,4-tribromo-5-(2,4,6-tribromophenoxy)benzene",15509898,4.3505282784338094e-14,1.45017609281127e-13,4.3505282784338094e-14,left
ALN 138x,2016-11-01,"1,2,4-tribromo-5-(2,4,6-tribromophenoxy)benzene",15509898,4.3505282784338094e-14,1.45017609281127e-13,4.3505282784338094e-14,left
ALN 125x,2016-11-01,"1,2,4-tribromo-5-(2,4,6-tribromophenoxy)benzene",15509898,4.3505282784338094e-14,1.45017609281127e-13,4.3505282784338094e-14,left
ALN 136x,2016-11-01,"1,2,4-tribromo-5-(2,4,6-tribromophenoxy)benzene",15509898,4.3505282784338094e-14,1.45017609281127e-13,4.3505282784338094e-14,left
HOV 122z,2016-11-01,"1,2,3,5-tetrabromo-4-(2,4,5-tribromophenoxy)benzene",15509899,3.1833910034602075e-014,1.0611303344867359e-13,3.1833910034602075e-014,left
ALN 138x,2016-11-01,"1,2,3,5-tetrabromo-4-(2,4,5-tribromophenoxy)benzene",15509899,3.1833910034602075e-014,1.0611303344867359e-13,3.1833910034602075e-014,left
ALN 125x,2016-11-01,"1,2,3,5-tetrabromo-4-(2,4,5-tribromophenoxy)benzene",15509899,3.1833910034602075e-014,1.0611303344867359e-13,3.1833910034602075e-014,left
ALN 136x,2016-11-01,"1,2,3,5-tetrabromo-4-(2,4,5-tribromophenoxy)benzene",15509899,3.1833910034602075e-014,1.0611303344867359e-13,3.1833910034602075e-014,left
HOV 122z,2016-11-01,"3,3,4,4,5,5,6,6,6-nonafluorohexane-1-sulfonic acid",20734543,9.142160597287826e-13,3.047386865762609e-12,9.142160597287826e-13,left
ALN 138x,2016-11-01,"3,3,4,4,5,5,6,6,6-nonafluorohexane-1-sulfonic acid",20734543,9.142160597287826e-13,3.047386865762609e-12,9.142160597287826e-13,left
ALN 125x,2016-11-01,"3,3,4,4,5,5,6,6,6-nonafluorohexane-1-sulfonic acid",20734543,9.142160597287826e-13,3.047386865762609e-12,9.142160597287826e-13,left
ALN 136x,2016-11-01,"3,3,4,4,5,5,6,6,6-nonafluorohexane-1-sulfonic acid",20734543,9.142160597287826e-13,3.047386865762609e-12,9.142160597287826e-13,left
HOV 122z,2016-11-01,"2-[1,1,2,2,3,3,4,4,5,5,6,6,7,7,8,8,8-heptadecafluorooctylsulfonyl(methyl)amino]acetic acid",22286931,5.252008893401726e-13,1.7506696311339088e-12,5.252008893401726e-13,left
ALN 138x,2016-11-01,"2-[1,1,2,2,3,3,4,4,5,5,6,6,7,7,8,8,8-heptadecafluorooctylsulfonyl(methyl)amino]acetic acid",22286931,5.252008893401726e-13,1.7506696311339088e-12,5.252008893401726e-13,left
ALN 125x,2016-11-01,"2-[1,1,2,2,3,3,4,4,5,5,6,6,7,7,8,8,8-heptadecafluorooctylsulfonyl(methyl)amino]acetic acid",22286931,5.252008893401726e-13,1.7506696311339088e-12,5.252008893401726e-13,left
ALN 136x,2016-11-01,"2-[1,1,2,2,3,3,4,4,5,5,6,6,7,7,8,8,8-heptadecafluorooctylsulfonyl(methyl)amino]acetic acid",22286931,5.252008893401726e-13,1.7506696311339088e-12,5.252008893401726e-13,left
HOV 122z,2016-11-01,"1,1,2,2,3,3,4,4,5,5,5-undecafluoropentane-1-sulfonate",22721493,5.729017473503294e-13,1.909672491167765e-12,5.729017473503294e-13,left
ALN 138x,2016-11-01,"1,1,2,2,3,3,4,4,5,5,5-undecafluoropentane-1-sulfonate",22721493,8.020624462904612e-13,1.909672491167765e-12,5.729017473503294e-13,interval
ALN 125x,2016-11-01,"1,1,2,2,3,3,4,4,5,5,5-undecafluoropentane-1-sulfonate",22721493,5.729017473503294e-13,1.909672491167765e-12,5.729017473503294e-13,left
ALN 136x,2016-11-01,"1,1,2,2,3,3,4,4,5,5,5-undecafluoropentane-1-sulfonate",22721493,5.729017473503294e-13,1.909672491167765e-12,5.729017473503294e-13,left
HOV 122z,2016-11-01,"1,2,3,5-tetrabromo-4-(3,4,5-tribromophenoxy)benzene",53485723,4.982698961937716e-14,1.6608996539792388e-13,4.982698961937716e-14,left
ALN 138x,2016-11-01,"1,2,3,5-tetrabromo-4-(3,4,5-tribromophenoxy)benzene",53485723,4.982698961937716e-14,1.6608996539792388e-13,4.982698961937716e-14,left
ALN 125x,2016-11-01,"1,2,3,5-tetrabromo-4-(3,4,5-tribromophenoxy)benzene",53485723,4.982698961937716e-14,1.6608996539792388e-13,4.982698961937716e-14,left
ALN 136x,2016-11-01,"1,2,3,5-tetrabromo-4-(3,4,5-tribromophenoxy)benzene",53485723,4.982698961937716e-14,1.6608996539792388e-13,4.982698961937716e-14,left
HOV 122z,2016-11-01,"1,2,3,4-tetrabromo-5-(2,3,4,6-tetrabromophenoxy)benzene",71363036,6.488644871474919e-14,2.162881623824973e-13,6.488644871474919e-14,left
ALN 138x,2016-11-01,"1,2,3,4-tetrabromo-5-(2,3,4,6-tetrabromophenoxy)benzene",71363036,6.488644871474919e-14,2.162881623824973e-13,6.488644871474919e-14,left
ALN 125x,2016-11-01,"1,2,3,4-tetrabromo-5-(2,3,4,6-tetrabromophenoxy)benzene",71363036,6.488644871474919e-14,2.162881623824973e-13,6.488644871474919e-14,left
ALN 136x,2016-11-01,"1,2,3,4-tetrabromo-5-(2,3,4,6-tetrabromophenoxy)benzene",71363036,6.488644871474919e-14,2.162881623824973e-13,6.488644871474919e-14,left
HOV 122z,2016-11-01,"1,2,3,4-tetrabromo-5-(3,4-dibromophenoxy)benzene",71363340,9.6333126165320075e-014,3.211104205510669e-13,9.6333126165320075e-014,left
ALN 138x,2016-11-01,"1,2,3,4-tetrabromo-5-(3,4-dibromophenoxy)benzene",71363340,9.6333126165320075e-014,3.211104205510669e-13,9.6333126165320075e-014,left
ALN 125x,2016-11-01,"1,2,3,4-tetrabromo-5-(3,4-dibromophenoxy)benzene",71363340,9.6333126165320075e-014,3.211104205510669e-13,9.6333126165320075e-014,left
ALN 136x,2016-11-01,"1,2,3,4-tetrabromo-5-(3,4-dibromophenoxy)benzene",71363340,9.6333126165320075e-014,3.211104205510669e-13,9.6333126165320075e-014,left
HOV 122z,2016-11-01,"1-chloro-1,2,2,3,3,4,4,5,5,6,6,7,7,8,8,8-hexadecafluorooctane-1-sulfonic acid",87556140,3.8716171744937857e-13,1.2905390581645955e-12,3.8716171744937857e-13,left
ALN 138x,2016-11-01,"1-chloro-1,2,2,3,3,4,4,5,5,6,6,7,7,8,8,8-hexadecafluorooctane-1-sulfonic acid",87556140,3.8716171744937857e-13,1.2905390581645955e-12,3.8716171744937857e-13,left
ALN 125x,2016-11-01,"1-chloro-1,2,2,3,3,4,4,5,5,6,6,7,7,8,8,8-hexadecafluorooctane-1-sulfonic acid",87556140,3.8716171744937857e-13,1.2905390581645955e-12,3.8716171744937857e-13,left
ALN 136x,2016-11-01,"1-chloro-1,2,2,3,3,4,4,5,5,6,6,7,7,8,8,8-hexadecafluorooctane-1-sulfonic acid",87556140,3.8716171744937857e-13,1.2905390581645955e-12,3.8716171744937857e-13,left
